slug,cornea_id,run_ts,run_dt_utc,percentile,horizon_h,valid_dt_utc,baseline_perim_ms,baseline_offset_h,actual_perim_ms,actual_offset_h,pixel_m,baseline_acres,pred_total_acres,pred_new_acres,act_new_acres,inter_acres,precision,recall,iou,act_outside_acres,act_offgrid_frac,expired_run,notes
ca-bug,ca6b8a6a-12e9-4e87-8f9b-5cb01dd5a25f,20260813_092300,2026-08-13T09:23:00Z,10,12,2026-08-13T21:23:00Z,1786622737000,2.71,1786631995000,-6.72,30.0,88483.1,3004.6,2082.3,0.2,0.0,0.0,0.0,0.0,0.0,0.0,False,
ca-bug,ca6b8a6a-12e9-4e87-8f9b-5cb01dd5a25f,20260813_092300,2026-08-13T09:23:00Z,30,12,2026-08-13T21:23:00Z,1786622737000,2.71,1786631995000,-6.72,30.0,88483.1,4199.9,3059.7,0.2,0.0,0.0,0.0,0.0,0.0,0.0,False,
ca-bug,ca6b8a6a-12e9-4e87-8f9b-5cb01dd5a25f,20260813_092300,2026-08-13T09:23:00Z,50,12,2026-08-13T21:23:00Z,1786622737000,2.71,1786631995000,-6.72,30.0,88483.1,6404.7,4569.3,0.2,0.0,0.0,0.0,0.0,0.0,0.0,False,
ca-bug,ca6b8a6a-12e9-4e87-8f9b-5cb01dd5a25f,20260813_092300,2026-08-13T09:23:00Z,70,12,2026-08-13T21:23:00Z,1786622737000,2.71,1786631995000,-6.72,30.0,88483.1,7037.7,5223.6,0.2,0.0,0.0,0.0,0.0,0.0,0.0,False,
ca-bug,ca6b8a6a-12e9-4e87-8f9b-5cb01dd5a25f,20260813_092300,2026-08-13T09:23:00Z,90,12,2026-08-13T21:23:00Z,1786622737000,2.71,1786631995000,-6.72,30.0,88483.1,8909.6,6574.4,0.2,0.0,0.0,0.0,0.0,0.0,0.0,False,
ca-bug,ca6b8a6a-12e9-4e87-8f9b-5cb01dd5a25f,20260813_110300,2026-08-13T11:03:00Z,10,12,2026-08-13T23:03:00Z,1786622737000,1.04,1786631995000,-8.38,30.0,88486.5,5446.0,5442.7,0.0,0.0,0.0,,0.0,0.0,0.0,False,
ca-bug,ca6b8a6a-12e9-4e87-8f9b-5cb01dd5a25f,20260813_110300,2026-08-13T11:03:00Z,30,12,2026-08-13T23:03:00Z,1786622737000,1.04,1786631995000,-8.38,30.0,88486.5,6969.0,6965.6,0.0,0.0,0.0,,0.0,0.0,0.0,False,
ca-bug,ca6b8a6a-12e9-4e87-8f9b-5cb01dd5a25f,20260813_110300,2026-08-13T11:03:00Z,50,12,2026-08-13T23:03:00Z,1786622737000,1.04,1786631995000,-8.38,30.0,88486.5,7516.1,7512.1,0.0,0.0,0.0,,0.0,0.0,0.0,False,
ca-bug,ca6b8a6a-12e9-4e87-8f9b-5cb01dd5a25f,20260813_110300,2026-08-13T11:03:00Z,70,12,2026-08-13T23:03:00Z,1786622737000,1.04,1786631995000,-8.38,30.0,88486.5,8460.1,8456.3,0.0,0.0,0.0,,0.0,0.0,0.0,False,
ca-bug,ca6b8a6a-12e9-4e87-8f9b-5cb01dd5a25f,20260813_110300,2026-08-13T11:03:00Z,90,12,2026-08-13T23:03:00Z,1786622737000,1.04,1786631995000,-8.38,30.0,88486.5,11357.9,11353.9,0.0,0.0,0.0,,0.0,0.0,0.0,False,
ca-timber,b7e4a30e-67ab-4964-882e-751da30b44e0,20260812_220800,2026-08-12T22:08:00Z,10,12,2026-08-13T10:08:00Z,1786562961000,-2.64,1786586609000,-8.08,30.0,3772.5,584.5,545.3,303.1,51.4,0.0942,0.1695,0.0645,0.0,0.0,False,
ca-timber,b7e4a30e-67ab-4964-882e-751da30b44e0,20260812_220800,2026-08-12T22:08:00Z,30,12,2026-08-13T10:08:00Z,1786562961000,-2.64,1786586609000,-8.08,30.0,3772.5,784.2,744.8,303.1,65.4,0.0878,0.2157,0.0665,0.0,0.0,False,
ca-timber,b7e4a30e-67ab-4964-882e-751da30b44e0,20260812_220800,2026-08-12T22:08:00Z,50,12,2026-08-13T10:08:00Z,1786562961000,-2.64,1786586609000,-8.08,30.0,3772.5,942.3,902.9,303.1,69.4,0.0768,0.2289,0.061,0.0,0.0,False,
ca-timber,b7e4a30e-67ab-4964-882e-751da30b44e0,20260812_220800,2026-08-12T22:08:00Z,70,12,2026-08-13T10:08:00Z,1786562961000,-2.64,1786586609000,-8.08,30.0,3772.5,1160.2,1120.6,303.1,72.3,0.0645,0.2384,0.0535,0.0,0.0,False,
ca-timber,b7e4a30e-67ab-4964-882e-751da30b44e0,20260812_220800,2026-08-12T22:08:00Z,90,12,2026-08-13T10:08:00Z,1786562961000,-2.64,1786586609000,-8.08,30.0,3772.5,1178.9,1139.3,303.1,72.3,0.0634,0.2384,0.0528,0.0,0.0,False,
co-elk,{48A23460-97E0-47B3-BDA1-BE5B747A0B24},20260811_192900,2026-08-11T19:29:00Z,10,12,2026-08-12T07:29:00Z,1786484145000,2.11,1786484145000,-9.89,30.0,7403.5,43.6,43.6,0.0,0.0,0.0,,0.0,0.0,0.0,False,
co-elk,{48A23460-97E0-47B3-BDA1-BE5B747A0B24},20260811_192900,2026-08-11T19:29:00Z,10,24,2026-08-12T19:29:00Z,1786484145000,2.11,1786558121000,-1.34,30.0,7403.5,78.3,78.3,0.0,0.0,0.0,,0.0,0.0,0.0,False,
co-elk,{48A23460-97E0-47B3-BDA1-BE5B747A0B24},20260811_192900,2026-08-11T19:29:00Z,30,12,2026-08-12T07:29:00Z,1786484145000,2.11,1786484145000,-9.89,30.0,7403.5,60.9,60.9,0.0,0.0,0.0,,0.0,0.0,0.0,False,
co-elk,{48A23460-97E0-47B3-BDA1-BE5B747A0B24},20260811_192900,2026-08-11T19:29:00Z,30,24,2026-08-12T19:29:00Z,1786484145000,2.11,1786558121000,-1.34,30.0,7403.5,105.9,105.9,0.0,0.0,0.0,,0.0,0.0,0.0,False,
co-elk,{48A23460-97E0-47B3-BDA1-BE5B747A0B24},20260811_192900,2026-08-11T19:29:00Z,50,12,2026-08-12T07:29:00Z,1786484145000,2.11,1786484145000,-9.89,30.0,7403.5,85.8,85.8,0.0,0.0,0.0,,0.0,0.0,0.0,False,
co-elk,{48A23460-97E0-47B3-BDA1-BE5B747A0B24},20260811_192900,2026-08-11T19:29:00Z,50,24,2026-08-12T19:29:00Z,1786484145000,2.11,1786558121000,-1.34,30.0,7403.5,133.7,133.7,0.0,0.0,0.0,,0.0,0.0,0.0,False,
co-elk,{48A23460-97E0-47B3-BDA1-BE5B747A0B24},20260811_192900,2026-08-11T19:29:00Z,70,12,2026-08-12T07:29:00Z,1786484145000,2.11,1786484145000,-9.89,30.0,7403.5,86.5,86.5,0.0,0.0,0.0,,0.0,0.0,0.0,False,
co-elk,{48A23460-97E0-47B3-BDA1-BE5B747A0B24},20260811_192900,2026-08-11T19:29:00Z,70,24,2026-08-12T19:29:00Z,1786484145000,2.11,1786558121000,-1.34,30.0,7403.5,147.7,147.7,0.0,0.0,0.0,,0.0,0.0,0.0,False,
co-elk,{48A23460-97E0-47B3-BDA1-BE5B747A0B24},20260811_192900,2026-08-11T19:29:00Z,90,12,2026-08-12T07:29:00Z,1786484145000,2.11,1786484145000,-9.89,30.0,7403.5,104.5,104.5,0.0,0.0,0.0,,0.0,0.0,0.0,False,
co-elk,{48A23460-97E0-47B3-BDA1-BE5B747A0B24},20260811_192900,2026-08-11T19:29:00Z,90,24,2026-08-12T19:29:00Z,1786484145000,2.11,1786558121000,-1.34,30.0,7403.5,175.5,175.5,0.0,0.0,0.0,,0.0,0.0,0.0,False,
co-elk,{48A23460-97E0-47B3-BDA1-BE5B747A0B24},20260812_160700,2026-08-12T16:07:00Z,10,12,2026-08-13T04:07:00Z,1786558121000,2.03,1786558121000,-9.97,30.0,7403.5,39.1,39.1,0.0,0.0,0.0,,0.0,0.0,0.0,False,
co-elk,{48A23460-97E0-47B3-BDA1-BE5B747A0B24},20260812_160700,2026-08-12T16:07:00Z,30,12,2026-08-13T04:07:00Z,1786558121000,2.03,1786558121000,-9.97,30.0,7403.5,44.5,44.5,0.0,0.0,0.0,,0.0,0.0,0.0,False,
co-elk,{48A23460-97E0-47B3-BDA1-BE5B747A0B24},20260812_160700,2026-08-12T16:07:00Z,50,12,2026-08-13T04:07:00Z,1786558121000,2.03,1786558121000,-9.97,30.0,7403.5,40.9,40.9,0.0,0.0,0.0,,0.0,0.0,0.0,False,
co-elk,{48A23460-97E0-47B3-BDA1-BE5B747A0B24},20260812_160700,2026-08-12T16:07:00Z,70,12,2026-08-13T04:07:00Z,1786558121000,2.03,1786558121000,-9.97,30.0,7403.5,55.2,55.2,0.0,0.0,0.0,,0.0,0.0,0.0,False,
co-elk,{48A23460-97E0-47B3-BDA1-BE5B747A0B24},20260812_160700,2026-08-12T16:07:00Z,90,12,2026-08-13T04:07:00Z,1786558121000,2.03,1786558121000,-9.97,30.0,7403.5,65.2,65.2,0.0,0.0,0.0,,0.0,0.0,0.0,False,
co-post,{251FD40C-6BCB-4C69-81EC-F105E1328374},20260812_100000,2026-08-12T10:00:00Z,10,12,2026-08-12T22:00:00Z,,,1786551707000,-5.64,30.0,0.0,1079.5,1079.5,2429.9,426.3,0.3949,0.1755,0.1383,0.0,0.0,False,baseline=none
co-post,{251FD40C-6BCB-4C69-81EC-F105E1328374},20260812_100000,2026-08-12T10:00:00Z,10,24,2026-08-13T10:00:00Z,,,1786635263000,5.57,30.0,0.0,2160.1,2160.1,4212.2,1561.9,0.7231,0.3708,0.3247,0.0,0.0,False,baseline=none
co-post,{251FD40C-6BCB-4C69-81EC-F105E1328374},20260812_100000,2026-08-12T10:00:00Z,30,12,2026-08-12T22:00:00Z,,,1786551707000,-5.64,30.0,0.0,1327.9,1327.9,2429.9,534.4,0.4024,0.2199,0.1658,0.0,0.0,False,baseline=none
co-post,{251FD40C-6BCB-4C69-81EC-F105E1328374},20260812_100000,2026-08-12T10:00:00Z,30,24,2026-08-13T10:00:00Z,,,1786635263000,5.57,30.0,0.0,2738.6,2738.6,4212.2,1983.3,0.7242,0.4709,0.3993,0.0,0.0,False,baseline=none
co-post,{251FD40C-6BCB-4C69-81EC-F105E1328374},20260812_100000,2026-08-12T10:00:00Z,50,12,2026-08-12T22:00:00Z,,,1786551707000,-5.64,30.0,0.0,1606.1,1606.1,2429.9,680.5,0.4237,0.2801,0.2028,0.0,0.0,False,baseline=none
co-post,{251FD40C-6BCB-4C69-81EC-F105E1328374},20260812_100000,2026-08-12T10:00:00Z,50,24,2026-08-13T10:00:00Z,,,1786635263000,5.57,30.0,0.0,3064.8,3064.8,4212.2,2131.2,0.6954,0.506,0.4142,0.0,0.0,False,baseline=none
co-post,{251FD40C-6BCB-4C69-81EC-F105E1328374},20260812_100000,2026-08-12T10:00:00Z,70,12,2026-08-12T22:00:00Z,,,1786551707000,-5.64,30.0,0.0,2006.4,2006.4,2429.9,665.2,0.3315,0.2738,0.1764,0.0,0.0,False,baseline=none
co-post,{251FD40C-6BCB-4C69-81EC-F105E1328374},20260812_100000,2026-08-12T10:00:00Z,70,24,2026-08-13T10:00:00Z,,,1786635263000,5.57,30.0,0.0,4777.3,4777.3,4212.2,2179.2,0.4562,0.5174,0.32,0.0,0.0,False,baseline=none
co-post,{251FD40C-6BCB-4C69-81EC-F105E1328374},20260812_100000,2026-08-12T10:00:00Z,90,12,2026-08-12T22:00:00Z,,,1786551707000,-5.64,30.0,0.0,3451.8,3451.8,2429.9,760.1,0.2202,0.3128,0.1484,0.0,0.0,False,baseline=none
co-post,{251FD40C-6BCB-4C69-81EC-F105E1328374},20260812_100000,2026-08-12T10:00:00Z,90,24,2026-08-13T10:00:00Z,,,1786635263000,5.57,30.0,0.0,8880.9,8880.9,4212.2,2231.3,0.2512,0.5297,0.2054,0.0,0.0,False,baseline=none
co-post,{251FD40C-6BCB-4C69-81EC-F105E1328374},20260812_161500,2026-08-12T16:15:00Z,10,12,2026-08-13T04:15:00Z,1786551707000,0.11,1786635263000,11.32,30.0,2430.6,1684.4,1684.4,1780.5,1341.7,0.7965,0.7536,0.6319,0.0,0.0,False,
co-post,{251FD40C-6BCB-4C69-81EC-F105E1328374},20260812_161500,2026-08-12T16:15:00Z,10,24,2026-08-13T16:15:00Z,1786551707000,0.11,1786635263000,-0.68,30.0,2430.6,1760.7,1760.7,1780.5,1368.0,0.7769,0.7683,0.6295,0.0,0.0,False,
co-post,{251FD40C-6BCB-4C69-81EC-F105E1328374},20260812_161500,2026-08-12T16:15:00Z,30,12,2026-08-13T04:15:00Z,1786551707000,0.11,1786635263000,11.32,30.0,2430.6,2339.6,2339.6,1780.5,1505.6,0.6435,0.8456,0.5759,0.0,0.0,False,
co-post,{251FD40C-6BCB-4C69-81EC-F105E1328374},20260812_161500,2026-08-12T16:15:00Z,30,24,2026-08-13T16:15:00Z,1786551707000,0.11,1786635263000,-0.68,30.0,2430.6,2444.6,2444.6,1780.5,1516.3,0.6203,0.8516,0.5598,0.0,0.0,False,
co-post,{251FD40C-6BCB-4C69-81EC-F105E1328374},20260812_161500,2026-08-12T16:15:00Z,50,12,2026-08-13T04:15:00Z,1786551707000,0.11,1786635263000,11.32,30.0,2430.6,3162.0,3162.0,1780.5,1495.6,0.473,0.84,0.4339,0.0,0.0,False,
co-post,{251FD40C-6BCB-4C69-81EC-F105E1328374},20260812_161500,2026-08-12T16:15:00Z,50,24,2026-08-13T16:15:00Z,1786551707000,0.11,1786635263000,-0.68,30.0,2430.6,3481.4,3481.4,1780.5,1509.6,0.4336,0.8479,0.4023,0.0,0.0,False,
co-post,{251FD40C-6BCB-4C69-81EC-F105E1328374},20260812_161500,2026-08-12T16:15:00Z,70,12,2026-08-13T04:15:00Z,1786551707000,0.11,1786635263000,11.32,30.0,2430.6,4183.5,4183.5,1780.5,1474.0,0.3523,0.8279,0.3283,0.0,0.0,False,
co-post,{251FD40C-6BCB-4C69-81EC-F105E1328374},20260812_161500,2026-08-12T16:15:00Z,70,24,2026-08-13T16:15:00Z,1786551707000,0.11,1786635263000,-0.68,30.0,2430.6,4504.6,4504.6,1780.5,1490.7,0.3309,0.8372,0.3109,0.0,0.0,False,
co-post,{251FD40C-6BCB-4C69-81EC-F105E1328374},20260812_161500,2026-08-12T16:15:00Z,90,12,2026-08-13T04:15:00Z,1786551707000,0.11,1786635263000,11.32,30.0,2430.6,6929.2,6929.2,1780.5,1553.4,0.2242,0.8725,0.2171,0.0,0.0,False,
co-post,{251FD40C-6BCB-4C69-81EC-F105E1328374},20260812_161500,2026-08-12T16:15:00Z,90,24,2026-08-13T16:15:00Z,1786551707000,0.11,1786635263000,-0.68,30.0,2430.6,7372.4,7372.4,1780.5,1564.1,0.2122,0.8785,0.2061,0.0,0.0,False,
id-moose-mountain,{8C9CB7A0-936C-4A64-AAEF-67A10E597A66},20260812_111900,2026-08-12T11:19:00Z,10,12,2026-08-12T23:19:00Z,1786495347000,-10.61,1786564755000,-3.33,30.0,1710.9,263.1,263.1,392.7,26.2,0.0997,0.0668,0.0417,0.0,0.0,False,
id-moose-mountain,{8C9CB7A0-936C-4A64-AAEF-67A10E597A66},20260812_111900,2026-08-12T11:19:00Z,30,12,2026-08-12T23:19:00Z,1786495347000,-10.61,1786564755000,-3.33,30.0,1710.9,450.8,450.8,392.7,36.9,0.0819,0.094,0.0458,0.0,0.0,False,
id-moose-mountain,{8C9CB7A0-936C-4A64-AAEF-67A10E597A66},20260812_111900,2026-08-12T11:19:00Z,50,12,2026-08-12T23:19:00Z,1786495347000,-10.61,1786564755000,-3.33,30.0,1710.9,629.6,629.6,392.7,42.5,0.0675,0.1082,0.0433,0.0,0.0,False,
id-moose-mountain,{8C9CB7A0-936C-4A64-AAEF-67A10E597A66},20260812_111900,2026-08-12T11:19:00Z,70,12,2026-08-12T23:19:00Z,1786495347000,-10.61,1786564755000,-3.33,30.0,1710.9,610.5,610.5,392.7,30.5,0.0499,0.0776,0.0313,0.0,0.0,False,
id-moose-mountain,{8C9CB7A0-936C-4A64-AAEF-67A10E597A66},20260812_111900,2026-08-12T11:19:00Z,90,12,2026-08-12T23:19:00Z,1786495347000,-10.61,1786564755000,-3.33,30.0,1710.9,1217.8,1217.8,392.7,44.0,0.0362,0.1121,0.0281,0.0,0.0,False,
mt-black-bear,{98BCEEFD-1E76-40E6-9352-54FD64F60E7D},20260812_095800,2026-08-12T09:58:00Z,10,12,2026-08-12T21:58:00Z,1786533965000,1.47,1786544660000,-7.56,30.0,2145.9,411.9,411.0,0.0,0.0,0.0,,0.0,0.0,0.0,False,
mt-black-bear,{98BCEEFD-1E76-40E6-9352-54FD64F60E7D},20260812_095800,2026-08-12T09:58:00Z,10,24,2026-08-13T09:58:00Z,1786533965000,1.47,1786619674000,1.28,30.0,2145.9,1016.1,1015.2,14.5,1.3,0.0013,0.0923,0.0013,0.0,0.0,False,
mt-black-bear,{98BCEEFD-1E76-40E6-9352-54FD64F60E7D},20260812_095800,2026-08-12T09:58:00Z,30,12,2026-08-12T21:58:00Z,1786533965000,1.47,1786544660000,-7.56,30.0,2145.9,482.6,481.7,0.0,0.0,0.0,,0.0,0.0,0.0,False,
mt-black-bear,{98BCEEFD-1E76-40E6-9352-54FD64F60E7D},20260812_095800,2026-08-12T09:58:00Z,30,24,2026-08-13T09:58:00Z,1786533965000,1.47,1786619674000,1.28,30.0,2145.9,1240.7,1239.9,14.5,1.3,0.0011,0.0923,0.0011,0.0,0.0,False,
mt-black-bear,{98BCEEFD-1E76-40E6-9352-54FD64F60E7D},20260812_095800,2026-08-12T09:58:00Z,50,12,2026-08-12T21:58:00Z,1786533965000,1.47,1786544660000,-7.56,30.0,2145.9,508.6,507.7,0.0,0.0,0.0,,0.0,0.0,0.0,False,
mt-black-bear,{98BCEEFD-1E76-40E6-9352-54FD64F60E7D},20260812_095800,2026-08-12T09:58:00Z,50,24,2026-08-13T09:58:00Z,1786533965000,1.47,1786619674000,1.28,30.0,2145.9,1625.5,1624.6,14.5,2.0,0.0012,0.1385,0.0012,0.0,0.0,False,
mt-black-bear,{98BCEEFD-1E76-40E6-9352-54FD64F60E7D},20260812_095800,2026-08-12T09:58:00Z,70,12,2026-08-12T21:58:00Z,1786533965000,1.47,1786544660000,-7.56,30.0,2145.9,916.7,915.8,0.0,0.0,0.0,,0.0,0.0,0.0,False,
mt-black-bear,{98BCEEFD-1E76-40E6-9352-54FD64F60E7D},20260812_095800,2026-08-12T09:58:00Z,70,24,2026-08-13T09:58:00Z,1786533965000,1.47,1786619674000,1.28,30.0,2145.9,2566.0,2565.1,14.5,2.7,0.001,0.1846,0.001,0.0,0.0,False,
mt-black-bear,{98BCEEFD-1E76-40E6-9352-54FD64F60E7D},20260812_095800,2026-08-12T09:58:00Z,90,12,2026-08-12T21:58:00Z,1786533965000,1.47,1786544660000,-7.56,30.0,2145.9,1047.0,1046.1,0.0,0.0,0.0,,0.0,0.0,0.0,False,
mt-black-bear,{98BCEEFD-1E76-40E6-9352-54FD64F60E7D},20260812_095800,2026-08-12T09:58:00Z,90,24,2026-08-13T09:58:00Z,1786533965000,1.47,1786619674000,1.28,30.0,2145.9,2901.6,2900.7,14.5,2.7,0.0009,0.1846,0.0009,0.0,0.0,False,
mt-black-bear,{98BCEEFD-1E76-40E6-9352-54FD64F60E7D},20260812_095900,2026-08-12T09:59:00Z,10,12,2026-08-12T21:59:00Z,1786533965000,1.45,1786544660000,-7.58,30.0,2145.9,391.9,391.0,0.0,0.0,0.0,,0.0,0.0,0.0,False,
mt-black-bear,{98BCEEFD-1E76-40E6-9352-54FD64F60E7D},20260812_095900,2026-08-12T09:59:00Z,10,24,2026-08-13T09:59:00Z,1786533965000,1.45,1786619674000,1.26,30.0,2145.9,967.2,966.3,14.5,1.3,0.0014,0.0923,0.0014,0.0,0.0,False,
mt-black-bear,{98BCEEFD-1E76-40E6-9352-54FD64F60E7D},20260812_095900,2026-08-12T09:59:00Z,30,12,2026-08-12T21:59:00Z,1786533965000,1.45,1786544660000,-7.58,30.0,2145.9,476.1,475.3,0.0,0.0,0.0,,0.0,0.0,0.0,False,
mt-black-bear,{98BCEEFD-1E76-40E6-9352-54FD64F60E7D},20260812_095900,2026-08-12T09:59:00Z,30,24,2026-08-13T09:59:00Z,1786533965000,1.45,1786619674000,1.26,30.0,2145.9,1204.3,1203.4,14.5,1.3,0.0011,0.0923,0.0011,0.0,0.0,False,
mt-black-bear,{98BCEEFD-1E76-40E6-9352-54FD64F60E7D},20260812_095900,2026-08-12T09:59:00Z,50,12,2026-08-12T21:59:00Z,1786533965000,1.45,1786544660000,-7.58,30.0,2145.9,636.5,635.6,0.0,0.0,0.0,,0.0,0.0,0.0,False,
mt-black-bear,{98BCEEFD-1E76-40E6-9352-54FD64F60E7D},20260812_095900,2026-08-12T09:59:00Z,50,24,2026-08-13T09:59:00Z,1786533965000,1.45,1786619674000,1.26,30.0,2145.9,1699.1,1698.2,14.5,2.0,0.0012,0.1385,0.0012,0.0,0.0,False,
mt-black-bear,{98BCEEFD-1E76-40E6-9352-54FD64F60E7D},20260812_095900,2026-08-12T09:59:00Z,70,12,2026-08-12T21:59:00Z,1786533965000,1.45,1786544660000,-7.58,30.0,2145.9,921.8,920.9,0.0,0.0,0.0,,0.0,0.0,0.0,False,
mt-black-bear,{98BCEEFD-1E76-40E6-9352-54FD64F60E7D},20260812_095900,2026-08-12T09:59:00Z,70,24,2026-08-13T09:59:00Z,1786533965000,1.45,1786619674000,1.26,30.0,2145.9,2723.0,2722.1,14.5,2.0,0.0007,0.1385,0.0007,0.0,0.0,False,
mt-black-bear,{98BCEEFD-1E76-40E6-9352-54FD64F60E7D},20260812_095900,2026-08-12T09:59:00Z,90,12,2026-08-12T21:59:00Z,1786533965000,1.45,1786544660000,-7.58,30.0,2145.9,1222.5,1221.6,0.0,0.0,0.0,,0.0,0.0,0.0,False,
mt-black-bear,{98BCEEFD-1E76-40E6-9352-54FD64F60E7D},20260812_095900,2026-08-12T09:59:00Z,90,24,2026-08-13T09:59:00Z,1786533965000,1.45,1786619674000,1.26,30.0,2145.9,3304.3,3303.5,14.5,2.9,0.0009,0.2,0.0009,0.0,0.0,False,
mt-bobcat-lakes,{801A448C-B5B4-4DCC-BAE2-CEF8FEDBB2A6},20260811_214400,2026-08-11T21:44:00Z,10,12,2026-08-12T09:44:00Z,1786441289000,-12.04,1786526327000,-0.42,30.0,8626.5,1000.8,1000.8,814.9,29.4,0.0293,0.036,0.0164,0.0,0.0,False,
mt-bobcat-lakes,{801A448C-B5B4-4DCC-BAE2-CEF8FEDBB2A6},20260811_214400,2026-08-11T21:44:00Z,30,12,2026-08-12T09:44:00Z,1786441289000,-12.04,1786526327000,-0.42,30.0,8626.5,1451.8,1451.8,814.9,35.4,0.0244,0.0434,0.0158,0.0,0.0,False,
mt-bobcat-lakes,{801A448C-B5B4-4DCC-BAE2-CEF8FEDBB2A6},20260811_214400,2026-08-11T21:44:00Z,50,12,2026-08-12T09:44:00Z,1786441289000,-12.04,1786526327000,-0.42,30.0,8626.5,4138.1,4138.1,814.9,37.6,0.0091,0.0461,0.0076,0.0,0.0,False,
mt-bobcat-lakes,{801A448C-B5B4-4DCC-BAE2-CEF8FEDBB2A6},20260811_214400,2026-08-11T21:44:00Z,70,12,2026-08-12T09:44:00Z,1786441289000,-12.04,1786526327000,-0.42,30.0,8626.5,3999.1,3999.1,814.9,32.2,0.0081,0.0396,0.0067,0.0,0.0,False,
mt-bobcat-lakes,{801A448C-B5B4-4DCC-BAE2-CEF8FEDBB2A6},20260811_214400,2026-08-11T21:44:00Z,90,12,2026-08-12T09:44:00Z,1786441289000,-12.04,1786526327000,-0.42,30.0,8626.5,10279.5,10279.5,814.9,40.0,0.0039,0.0491,0.0036,0.0,0.0,False,
mt-moose,{F039127F-AE05-4C20-9824-653361758DC2},20260812_095900,2026-08-12T09:59:00Z,10,24,2026-08-13T09:59:00Z,1786522291000,-1.79,1786618156000,0.84,30.0,5540.1,552.7,552.7,147.2,10.7,0.0193,0.0725,0.0155,0.0,0.0,False,
mt-moose,{F039127F-AE05-4C20-9824-653361758DC2},20260812_095900,2026-08-12T09:59:00Z,30,24,2026-08-13T09:59:00Z,1786522291000,-1.79,1786618156000,0.84,30.0,5540.1,722.6,722.6,147.2,10.7,0.0148,0.0725,0.0124,0.0,0.0,False,
mt-moose,{F039127F-AE05-4C20-9824-653361758DC2},20260812_095900,2026-08-12T09:59:00Z,50,24,2026-08-13T09:59:00Z,1786522291000,-1.79,1786618156000,0.84,30.0,5540.1,393.6,393.6,147.2,8.5,0.0215,0.0574,0.0159,0.0,0.0,False,
mt-moose,{F039127F-AE05-4C20-9824-653361758DC2},20260812_095900,2026-08-12T09:59:00Z,70,24,2026-08-13T09:59:00Z,1786522291000,-1.79,1786618156000,0.84,30.0,5540.1,1049.0,1049.0,147.2,10.7,0.0102,0.0725,0.009,0.0,0.0,False,
mt-moose,{F039127F-AE05-4C20-9824-653361758DC2},20260812_095900,2026-08-12T09:59:00Z,90,24,2026-08-13T09:59:00Z,1786522291000,-1.79,1786618156000,0.84,30.0,5540.1,1273.4,1273.4,147.2,10.7,0.0084,0.0725,0.0076,0.0,0.0,False,
mt-moose,{F039127F-AE05-4C20-9824-653361758DC2},20260813_084500,2026-08-13T08:45:00Z,10,12,2026-08-13T20:45:00Z,1786618156000,2.07,1786618156000,-9.93,30.0,5687.3,87.4,86.3,0.0,0.0,0.0,,0.0,0.0,0.0,False,
mt-moose,{F039127F-AE05-4C20-9824-653361758DC2},20260813_084500,2026-08-13T08:45:00Z,30,12,2026-08-13T20:45:00Z,1786618156000,2.07,1786618156000,-9.93,30.0,5687.3,129.0,127.9,0.0,0.0,0.0,,0.0,0.0,0.0,False,
mt-moose,{F039127F-AE05-4C20-9824-653361758DC2},20260813_084500,2026-08-13T08:45:00Z,50,12,2026-08-13T20:45:00Z,1786618156000,2.07,1786618156000,-9.93,30.0,5687.3,98.5,97.2,0.0,0.0,0.0,,0.0,0.0,0.0,False,
mt-moose,{F039127F-AE05-4C20-9824-653361758DC2},20260813_084500,2026-08-13T08:45:00Z,70,12,2026-08-13T20:45:00Z,1786618156000,2.07,1786618156000,-9.93,30.0,5687.3,206.2,204.8,0.0,0.0,0.0,,0.0,0.0,0.0,False,
mt-moose,{F039127F-AE05-4C20-9824-653361758DC2},20260813_084500,2026-08-13T08:45:00Z,90,12,2026-08-13T20:45:00Z,1786618156000,2.07,1786618156000,-9.93,30.0,5687.3,263.3,262.0,0.0,0.0,0.0,,0.0,0.0,0.0,False,
mt-sand-creek,{84FD3D7E-6B04-49CD-A729-ED3178A49C42},20260811_214400,2026-08-11T21:44:00Z,10,12,2026-08-12T09:44:00Z,1786440360000,-12.3,1786527039000,-0.22,30.0,20054.5,3401.8,3401.8,7900.6,223.3,0.0656,0.0283,0.0202,0.0,0.0,False,
mt-sand-creek,{84FD3D7E-6B04-49CD-A729-ED3178A49C42},20260811_214400,2026-08-11T21:44:00Z,30,12,2026-08-12T09:44:00Z,1786440360000,-12.3,1786527039000,-0.22,30.0,20054.5,4866.0,4866.0,7900.6,251.1,0.0516,0.0318,0.0201,0.0,0.0,False,
mt-sand-creek,{84FD3D7E-6B04-49CD-A729-ED3178A49C42},20260811_214400,2026-08-11T21:44:00Z,50,12,2026-08-12T09:44:00Z,1786440360000,-12.3,1786527039000,-0.22,30.0,20054.5,14195.7,14195.7,7900.6,1182.7,0.0833,0.1497,0.0566,0.0,0.0,False,
mt-sand-creek,{84FD3D7E-6B04-49CD-A729-ED3178A49C42},20260811_214400,2026-08-11T21:44:00Z,70,12,2026-08-12T09:44:00Z,1786440360000,-12.3,1786527039000,-0.22,30.0,20054.5,12327.8,12327.8,7900.6,1017.7,0.0826,0.1288,0.053,0.0,0.0,False,
mt-sand-creek,{84FD3D7E-6B04-49CD-A729-ED3178A49C42},20260811_214400,2026-08-11T21:44:00Z,90,12,2026-08-12T09:44:00Z,1786440360000,-12.3,1786527039000,-0.22,30.0,20054.5,16866.4,16866.4,7900.6,1291.7,0.0766,0.1635,0.055,0.0,0.0,False,
mt-skillet,{A6E06E12-A58B-4FF0-8920-94504D253CF7},20260811_205100,2026-08-11T20:51:00Z,10,12,2026-08-12T08:51:00Z,1786459468000,-6.11,1786530544000,1.63,30.0,3299.0,15.3,15.3,75.6,0.0,0.0,0.0,0.0,0.0,0.0,False,
mt-skillet,{A6E06E12-A58B-4FF0-8920-94504D253CF7},20260811_205100,2026-08-11T20:51:00Z,10,24,2026-08-12T20:51:00Z,1786459468000,-6.11,1786557110000,-2.99,30.0,3299.0,25.6,25.6,75.4,0.0,0.0,0.0,0.0,0.0,0.0,False,
mt-skillet,{A6E06E12-A58B-4FF0-8920-94504D253CF7},20260811_205100,2026-08-11T20:51:00Z,10,48,2026-08-13T20:51:00Z,1786459468000,-6.11,1786628120000,-7.26,30.0,3299.0,40.7,40.7,80.3,0.0,0.0,0.0,0.0,0.0,0.0,False,
mt-skillet,{A6E06E12-A58B-4FF0-8920-94504D253CF7},20260811_205100,2026-08-11T20:51:00Z,30,12,2026-08-12T08:51:00Z,1786459468000,-6.11,1786530544000,1.63,30.0,3299.0,28.5,28.5,75.6,0.0,0.0,0.0,0.0,0.0,0.0,False,
mt-skillet,{A6E06E12-A58B-4FF0-8920-94504D253CF7},20260811_205100,2026-08-11T20:51:00Z,30,24,2026-08-12T20:51:00Z,1786459468000,-6.11,1786557110000,-2.99,30.0,3299.0,44.5,44.5,75.4,0.0,0.0,0.0,0.0,0.0,0.0,False,
mt-skillet,{A6E06E12-A58B-4FF0-8920-94504D253CF7},20260811_205100,2026-08-11T20:51:00Z,30,48,2026-08-13T20:51:00Z,1786459468000,-6.11,1786628120000,-7.26,30.0,3299.0,72.1,72.1,80.3,0.0,0.0,0.0,0.0,0.0,0.0,False,
mt-skillet,{A6E06E12-A58B-4FF0-8920-94504D253CF7},20260811_205100,2026-08-11T20:51:00Z,50,12,2026-08-12T08:51:00Z,1786459468000,-6.11,1786530544000,1.63,30.0,3299.0,52.5,52.5,75.6,0.0,0.0,0.0,0.0,0.0,0.0,False,
mt-skillet,{A6E06E12-A58B-4FF0-8920-94504D253CF7},20260811_205100,2026-08-11T20:51:00Z,50,24,2026-08-12T20:51:00Z,1786459468000,-6.11,1786557110000,-2.99,30.0,3299.0,103.2,103.2,75.4,0.0,0.0,0.0,0.0,0.0,0.0,False,
mt-skillet,{A6E06E12-A58B-4FF0-8920-94504D253CF7},20260811_205100,2026-08-11T20:51:00Z,50,48,2026-08-13T20:51:00Z,1786459468000,-6.11,1786628120000,-7.26,30.0,3299.0,149.9,149.9,80.3,0.0,0.0,0.0,0.0,0.0,0.0,False,
mt-skillet,{A6E06E12-A58B-4FF0-8920-94504D253CF7},20260811_205100,2026-08-11T20:51:00Z,70,12,2026-08-12T08:51:00Z,1786459468000,-6.11,1786530544000,1.63,30.0,3299.0,54.9,54.9,75.6,0.0,0.0,0.0,0.0,0.0,0.0,False,
mt-skillet,{A6E06E12-A58B-4FF0-8920-94504D253CF7},20260811_205100,2026-08-11T20:51:00Z,70,24,2026-08-12T20:51:00Z,1786459468000,-6.11,1786557110000,-2.99,30.0,3299.0,96.7,96.7,75.4,0.0,0.0,0.0,0.0,0.0,0.0,False,
mt-skillet,{A6E06E12-A58B-4FF0-8920-94504D253CF7},20260811_205100,2026-08-11T20:51:00Z,70,48,2026-08-13T20:51:00Z,1786459468000,-6.11,1786628120000,-7.26,30.0,3299.0,153.5,153.5,80.3,0.0,0.0,0.0,0.0,0.0,0.0,False,
mt-skillet,{A6E06E12-A58B-4FF0-8920-94504D253CF7},20260811_205100,2026-08-11T20:51:00Z,90,12,2026-08-12T08:51:00Z,1786459468000,-6.11,1786530544000,1.63,30.0,3299.0,85.4,85.4,75.6,0.0,0.0,0.0,0.0,0.0,0.0,False,
mt-skillet,{A6E06E12-A58B-4FF0-8920-94504D253CF7},20260811_205100,2026-08-11T20:51:00Z,90,24,2026-08-12T20:51:00Z,1786459468000,-6.11,1786557110000,-2.99,30.0,3299.0,209.9,209.9,75.4,0.0,0.0,0.0,0.0,0.0,0.0,False,
mt-skillet,{A6E06E12-A58B-4FF0-8920-94504D253CF7},20260811_205100,2026-08-11T20:51:00Z,90,48,2026-08-13T20:51:00Z,1786459468000,-6.11,1786628120000,-7.26,30.0,3299.0,354.1,354.1,80.3,0.0,0.0,0.0,0.0,0.0,0.0,False,
mt-skillet,{A6E06E12-A58B-4FF0-8920-94504D253CF7},20260813_000000,2026-08-13T00:00:00Z,10,12,2026-08-13T12:00:00Z,1786557110000,-6.14,1786622014000,-0.11,30.0,3374.4,0.0,0.0,9.1,0.0,,0.0,0.0,0.0,0.0,False,
mt-skillet,{A6E06E12-A58B-4FF0-8920-94504D253CF7},20260813_000000,2026-08-13T00:00:00Z,10,24,2026-08-14T00:00:00Z,1786557110000,-6.14,1786628120000,-10.41,30.0,3374.4,2.0,2.0,10.5,0.0,0.0,0.0,0.0,0.0,0.0,False,
mt-skillet,{A6E06E12-A58B-4FF0-8920-94504D253CF7},20260813_000000,2026-08-13T00:00:00Z,30,12,2026-08-13T12:00:00Z,1786557110000,-6.14,1786622014000,-0.11,30.0,3374.4,0.0,0.0,9.1,0.0,,0.0,0.0,0.0,0.0,False,
mt-skillet,{A6E06E12-A58B-4FF0-8920-94504D253CF7},20260813_000000,2026-08-13T00:00:00Z,30,24,2026-08-14T00:00:00Z,1786557110000,-6.14,1786628120000,-10.41,30.0,3374.4,2.7,2.7,10.5,0.0,0.0,0.0,0.0,0.0,0.0,False,
mt-skillet,{A6E06E12-A58B-4FF0-8920-94504D253CF7},20260813_000000,2026-08-13T00:00:00Z,50,12,2026-08-13T12:00:00Z,1786557110000,-6.14,1786622014000,-0.11,30.0,3374.4,1.1,1.1,9.1,0.0,0.0,0.0,0.0,0.0,0.0,False,
mt-skillet,{A6E06E12-A58B-4FF0-8920-94504D253CF7},20260813_000000,2026-08-13T00:00:00Z,50,24,2026-08-14T00:00:00Z,1786557110000,-6.14,1786628120000,-10.41,30.0,3374.4,4.9,4.9,10.5,0.0,0.0,0.0,0.0,0.0,0.0,False,
mt-skillet,{A6E06E12-A58B-4FF0-8920-94504D253CF7},20260813_000000,2026-08-13T00:00:00Z,70,12,2026-08-13T12:00:00Z,1786557110000,-6.14,1786622014000,-0.11,30.0,3374.4,1.1,1.1,9.1,0.0,0.0,0.0,0.0,0.0,0.0,False,
mt-skillet,{A6E06E12-A58B-4FF0-8920-94504D253CF7},20260813_000000,2026-08-13T00:00:00Z,70,24,2026-08-14T00:00:00Z,1786557110000,-6.14,1786628120000,-10.41,30.0,3374.4,5.3,5.3,10.5,0.0,0.0,0.0,0.0,0.0,0.0,False,
mt-skillet,{A6E06E12-A58B-4FF0-8920-94504D253CF7},20260813_000000,2026-08-13T00:00:00Z,90,12,2026-08-13T12:00:00Z,1786557110000,-6.14,1786622014000,-0.11,30.0,3374.4,2.0,2.0,9.1,0.0,0.0,0.0,0.0,0.0,0.0,False,
mt-skillet,{A6E06E12-A58B-4FF0-8920-94504D253CF7},20260813_000000,2026-08-13T00:00:00Z,90,24,2026-08-14T00:00:00Z,1786557110000,-6.14,1786628120000,-10.41,30.0,3374.4,5.3,5.3,10.5,0.0,0.0,0.0,0.0,0.0,0.0,False,
nv-eagle,{21E874AC-3428-47A1-A205-55578BBA2417},20260812_104500,2026-08-12T10:45:00Z,10,12,2026-08-12T22:45:00Z,,,1786558583543,-4.48,30.0,0.0,165.2,165.2,133.0,27.1,0.1642,0.204,0.1001,0.0,0.0,False,baseline=none
nv-eagle,{21E874AC-3428-47A1-A205-55578BBA2417},20260812_104500,2026-08-12T10:45:00Z,30,12,2026-08-12T22:45:00Z,,,1786558583543,-4.48,30.0,0.0,243.1,243.1,133.0,33.1,0.1363,0.2492,0.0966,0.0,0.0,False,baseline=none
nv-eagle,{21E874AC-3428-47A1-A205-55578BBA2417},20260812_104500,2026-08-12T10:45:00Z,50,12,2026-08-12T22:45:00Z,,,1786558583543,-4.48,30.0,0.0,376.5,376.5,133.0,48.3,0.1282,0.3629,0.1046,0.0,0.0,False,baseline=none
nv-eagle,{21E874AC-3428-47A1-A205-55578BBA2417},20260812_104500,2026-08-12T10:45:00Z,70,12,2026-08-12T22:45:00Z,,,1786558583543,-4.48,30.0,0.0,478.8,478.8,133.0,49.4,0.1031,0.3712,0.0878,0.0,0.0,False,baseline=none
nv-eagle,{21E874AC-3428-47A1-A205-55578BBA2417},20260812_104500,2026-08-12T10:45:00Z,90,12,2026-08-12T22:45:00Z,,,1786558583543,-4.48,30.0,0.0,622.7,622.7,133.0,50.5,0.0811,0.3796,0.0716,0.0,0.0,False,baseline=none
nv-stallion,{75B0C6D7-10D4-476A-B691-3D78231B4997},20260812_210400,2026-08-12T21:04:00Z,10,12,2026-08-13T09:04:00Z,1786555670000,-3.6,1786616809000,1.38,30.0,33745.7,1683.1,1659.5,6963.4,585.3,0.3527,0.0841,0.0728,0.0,0.0,False,
nv-stallion,{75B0C6D7-10D4-476A-B691-3D78231B4997},20260812_210400,2026-08-12T21:04:00Z,10,24,2026-08-13T21:04:00Z,1786555670000,-3.6,1786616809000,-10.62,30.0,33745.7,2547.1,2517.3,6963.4,742.1,0.2948,0.1066,0.0849,0.0,0.0,False,
nv-stallion,{75B0C6D7-10D4-476A-B691-3D78231B4997},20260812_210400,2026-08-12T21:04:00Z,30,12,2026-08-13T09:04:00Z,1786555670000,-3.6,1786616809000,1.38,30.0,33745.7,2226.6,2200.6,6963.4,691.6,0.3143,0.0993,0.0816,0.0,0.0,False,
nv-stallion,{75B0C6D7-10D4-476A-B691-3D78231B4997},20260812_210400,2026-08-12T21:04:00Z,30,24,2026-08-13T21:04:00Z,1786555670000,-3.6,1786616809000,-10.62,30.0,33745.7,3402.0,3369.9,6963.4,829.5,0.2462,0.1191,0.0873,0.0,0.0,False,
nv-stallion,{75B0C6D7-10D4-476A-B691-3D78231B4997},20260812_210400,2026-08-12T21:04:00Z,50,12,2026-08-13T09:04:00Z,1786555670000,-3.6,1786616809000,1.38,30.0,33745.7,2736.8,2708.1,6963.4,805.3,0.2974,0.1156,0.0908,0.0,0.0,False,
nv-stallion,{75B0C6D7-10D4-476A-B691-3D78231B4997},20260812_210400,2026-08-12T21:04:00Z,50,24,2026-08-13T21:04:00Z,1786555670000,-3.6,1786616809000,-10.62,30.0,33745.7,4315.6,4278.7,6963.4,962.3,0.2249,0.1382,0.0936,0.0,0.0,False,
nv-stallion,{75B0C6D7-10D4-476A-B691-3D78231B4997},20260812_210400,2026-08-12T21:04:00Z,70,12,2026-08-13T09:04:00Z,1786555670000,-3.6,1786616809000,1.38,30.0,33745.7,2727.5,2698.8,6963.4,804.6,0.2981,0.1156,0.0908,0.0,0.0,False,
nv-stallion,{75B0C6D7-10D4-476A-B691-3D78231B4997},20260812_210400,2026-08-12T21:04:00Z,70,24,2026-08-13T21:04:00Z,1786555670000,-3.6,1786616809000,-10.62,30.0,33745.7,4154.8,4114.5,6963.4,965.9,0.2347,0.1387,0.0955,0.0,0.0,False,
nv-stallion,{75B0C6D7-10D4-476A-B691-3D78231B4997},20260812_210400,2026-08-12T21:04:00Z,90,12,2026-08-13T09:04:00Z,1786555670000,-3.6,1786616809000,1.38,30.0,33745.7,5114.4,5075.7,6963.4,1163.6,0.2292,0.1671,0.107,0.0,0.0,False,
nv-stallion,{75B0C6D7-10D4-476A-B691-3D78231B4997},20260812_210400,2026-08-12T21:04:00Z,90,24,2026-08-13T21:04:00Z,1786555670000,-3.6,1786616809000,-10.62,30.0,33745.7,8284.9,8223.5,6963.4,1281.4,0.1558,0.184,0.0922,0.0,0.0,False,
nv-stallion,{75B0C6D7-10D4-476A-B691-3D78231B4997},20260813_083000,2026-08-13T08:30:00Z,10,12,2026-08-13T20:30:00Z,1786616809000,1.95,1786616809000,-10.05,30.0,40704.0,631.4,631.4,0.0,0.0,0.0,,0.0,0.0,0.0,False,
nv-stallion,{75B0C6D7-10D4-476A-B691-3D78231B4997},20260813_083000,2026-08-13T08:30:00Z,30,12,2026-08-13T20:30:00Z,1786616809000,1.95,1786616809000,-10.05,30.0,40704.0,835.1,835.1,0.0,0.0,0.0,,0.0,0.0,0.0,False,
nv-stallion,{75B0C6D7-10D4-476A-B691-3D78231B4997},20260813_083000,2026-08-13T08:30:00Z,50,12,2026-08-13T20:30:00Z,1786616809000,1.95,1786616809000,-10.05,30.0,40704.0,938.3,938.3,0.0,0.0,0.0,,0.0,0.0,0.0,False,
nv-stallion,{75B0C6D7-10D4-476A-B691-3D78231B4997},20260813_083000,2026-08-13T08:30:00Z,70,12,2026-08-13T20:30:00Z,1786616809000,1.95,1786616809000,-10.05,30.0,40704.0,1149.8,1149.8,0.0,0.0,0.0,,0.0,0.0,0.0,False,
nv-stallion,{75B0C6D7-10D4-476A-B691-3D78231B4997},20260813_083000,2026-08-13T08:30:00Z,90,12,2026-08-13T20:30:00Z,1786616809000,1.95,1786616809000,-10.05,30.0,40704.0,1836.1,1836.1,0.0,0.0,0.0,,0.0,0.0,0.0,False,
or-austin,{49D1FB0B-74D1-4A95-B8DF-066DCC5F06E1},20260812_212500,2026-08-12T21:25:00Z,10,12,2026-08-13T09:25:00Z,1786402735677,-46.43,1786620322000,2.01,30.0,717.9,452.4,452.4,721.0,81.0,0.179,0.1123,0.0741,0.0,0.0,False,
or-austin,{49D1FB0B-74D1-4A95-B8DF-066DCC5F06E1},20260812_212500,2026-08-12T21:25:00Z,10,24,2026-08-13T21:25:00Z,1786402735677,-46.43,1786623335000,-9.16,30.0,717.9,654.5,654.5,721.0,105.9,0.1617,0.1468,0.0834,0.0,0.0,False,
or-austin,{49D1FB0B-74D1-4A95-B8DF-066DCC5F06E1},20260812_212500,2026-08-12T21:25:00Z,30,12,2026-08-13T09:25:00Z,1786402735677,-46.43,1786620322000,2.01,30.0,717.9,490.2,490.2,721.0,86.5,0.1765,0.12,0.0769,0.0,0.0,False,
or-austin,{49D1FB0B-74D1-4A95-B8DF-066DCC5F06E1},20260812_212500,2026-08-12T21:25:00Z,30,24,2026-08-13T21:25:00Z,1786402735677,-46.43,1786623335000,-9.16,30.0,717.9,716.1,716.1,721.0,116.1,0.1621,0.161,0.0879,0.0,0.0,False,
or-austin,{49D1FB0B-74D1-4A95-B8DF-066DCC5F06E1},20260812_212500,2026-08-12T21:25:00Z,50,12,2026-08-13T09:25:00Z,1786402735677,-46.43,1786620322000,2.01,30.0,717.9,519.3,519.3,721.0,89.4,0.1722,0.124,0.0777,0.0,0.0,False,
or-austin,{49D1FB0B-74D1-4A95-B8DF-066DCC5F06E1},20260812_212500,2026-08-12T21:25:00Z,50,24,2026-08-13T21:25:00Z,1786402735677,-46.43,1786623335000,-9.16,30.0,717.9,763.5,763.5,721.0,122.3,0.1602,0.1696,0.0898,0.0,0.0,False,
or-austin,{49D1FB0B-74D1-4A95-B8DF-066DCC5F06E1},20260812_212500,2026-08-12T21:25:00Z,70,12,2026-08-13T09:25:00Z,1786402735677,-46.43,1786620322000,2.01,30.0,717.9,580.0,580.0,721.0,90.5,0.1561,0.1255,0.0748,0.0,0.0,False,
or-austin,{49D1FB0B-74D1-4A95-B8DF-066DCC5F06E1},20260812_212500,2026-08-12T21:25:00Z,70,24,2026-08-13T21:25:00Z,1786402735677,-46.43,1786623335000,-9.16,30.0,717.9,879.1,879.1,721.0,132.5,0.1508,0.1838,0.0903,0.0,0.0,False,
or-austin,{49D1FB0B-74D1-4A95-B8DF-066DCC5F06E1},20260812_212500,2026-08-12T21:25:00Z,90,12,2026-08-13T09:25:00Z,1786402735677,-46.43,1786620322000,2.01,30.0,717.9,604.5,604.5,721.0,93.4,0.1545,0.1295,0.0758,0.0,0.0,False,
or-austin,{49D1FB0B-74D1-4A95-B8DF-066DCC5F06E1},20260812_212500,2026-08-12T21:25:00Z,90,24,2026-08-13T21:25:00Z,1786402735677,-46.43,1786623335000,-9.16,30.0,717.9,1016.1,1016.1,721.0,136.6,0.1344,0.1894,0.0853,0.0,0.0,False,
or-austin,{49D1FB0B-74D1-4A95-B8DF-066DCC5F06E1},20260813_112100,2026-08-13T11:21:00Z,10,12,2026-08-13T23:21:00Z,1786623335000,0.91,1786623335000,-11.09,30.0,1430.0,353.2,334.3,0.0,0.0,0.0,,0.0,0.0,0.0,False,
or-austin,{49D1FB0B-74D1-4A95-B8DF-066DCC5F06E1},20260813_112100,2026-08-13T11:21:00Z,30,12,2026-08-13T23:21:00Z,1786623335000,0.91,1786623335000,-11.09,30.0,1430.0,389.9,369.4,0.0,0.0,0.0,,0.0,0.0,0.0,False,
or-austin,{49D1FB0B-74D1-4A95-B8DF-066DCC5F06E1},20260813_112100,2026-08-13T11:21:00Z,50,12,2026-08-13T23:21:00Z,1786623335000,0.91,1786623335000,-11.09,30.0,1430.0,439.5,418.8,0.0,0.0,0.0,,0.0,0.0,0.0,False,
or-austin,{49D1FB0B-74D1-4A95-B8DF-066DCC5F06E1},20260813_112100,2026-08-13T11:21:00Z,70,12,2026-08-13T23:21:00Z,1786623335000,0.91,1786623335000,-11.09,30.0,1430.0,477.0,452.8,0.0,0.0,0.0,,0.0,0.0,0.0,False,
or-austin,{49D1FB0B-74D1-4A95-B8DF-066DCC5F06E1},20260813_112100,2026-08-13T11:21:00Z,90,12,2026-08-13T23:21:00Z,1786623335000,0.91,1786623335000,-11.09,30.0,1430.0,407.4,388.5,0.0,0.0,0.0,,0.0,0.0,0.0,False,
or-big-grass,{6B0C72B3-0E12-4695-9022-E1113C0AA8D1},20260811_212500,2026-08-11T21:25:00Z,10,12,2026-08-12T09:25:00Z,1786480058000,-0.96,1786530851000,1.15,30.0,574888.7,3129.3,3129.3,92781.8,2187.0,0.6989,0.0236,0.0233,0.0,0.0,False,
or-big-grass,{6B0C72B3-0E12-4695-9022-E1113C0AA8D1},20260811_212500,2026-08-11T21:25:00Z,10,24,2026-08-12T21:25:00Z,1786480058000,-0.96,1786531030000,-10.8,30.0,574888.7,5249.9,5249.9,92781.8,3558.8,0.6779,0.0384,0.0377,0.0,0.0,False,
or-big-grass,{6B0C72B3-0E12-4695-9022-E1113C0AA8D1},20260811_212500,2026-08-11T21:25:00Z,10,48,2026-08-13T21:25:00Z,1786480058000,-0.96,1786617116000,-10.88,30.0,574888.7,12097.8,12097.8,92784.5,7739.1,0.6397,0.0834,0.0797,0.0,0.0,False,
or-big-grass,{6B0C72B3-0E12-4695-9022-E1113C0AA8D1},20260811_212500,2026-08-11T21:25:00Z,30,12,2026-08-12T09:25:00Z,1786480058000,-0.96,1786530851000,1.15,30.0,574888.7,4343.6,4343.6,92781.8,2993.2,0.6891,0.0323,0.0318,0.0,0.0,False,
or-big-grass,{6B0C72B3-0E12-4695-9022-E1113C0AA8D1},20260811_212500,2026-08-11T21:25:00Z,30,24,2026-08-12T21:25:00Z,1786480058000,-0.96,1786531030000,-10.8,30.0,574888.7,7438.7,7438.7,92781.8,4960.7,0.6669,0.0535,0.0521,0.0,0.0,False,
or-big-grass,{6B0C72B3-0E12-4695-9022-E1113C0AA8D1},20260811_212500,2026-08-11T21:25:00Z,30,48,2026-08-13T21:25:00Z,1786480058000,-0.96,1786617116000,-10.88,30.0,574888.7,17226.9,17226.9,92784.5,10693.6,0.6208,0.1153,0.1077,0.0,0.0,False,
or-big-grass,{6B0C72B3-0E12-4695-9022-E1113C0AA8D1},20260811_212500,2026-08-11T21:25:00Z,50,12,2026-08-12T09:25:00Z,1786480058000,-0.96,1786530851000,1.15,30.0,574888.7,6161.7,6161.7,92781.8,4317.6,0.7007,0.0465,0.0456,0.0,0.0,False,
or-big-grass,{6B0C72B3-0E12-4695-9022-E1113C0AA8D1},20260811_212500,2026-08-11T21:25:00Z,50,24,2026-08-12T21:25:00Z,1786480058000,-0.96,1786531030000,-10.8,30.0,574888.7,10901.1,10901.1,92781.8,7273.4,0.6672,0.0784,0.0754,0.0,0.0,False,
or-big-grass,{6B0C72B3-0E12-4695-9022-E1113C0AA8D1},20260811_212500,2026-08-11T21:25:00Z,50,48,2026-08-13T21:25:00Z,1786480058000,-0.96,1786617116000,-10.88,30.0,574888.7,23800.3,23800.3,92784.5,14004.6,0.5884,0.1509,0.1365,0.0,0.0,False,
or-big-grass,{6B0C72B3-0E12-4695-9022-E1113C0AA8D1},20260811_212500,2026-08-11T21:25:00Z,70,12,2026-08-12T09:25:00Z,1786480058000,-0.96,1786530851000,1.15,30.0,574888.7,7374.8,7374.8,92781.8,5063.0,0.6865,0.0546,0.0532,0.0,0.0,False,
or-big-grass,{6B0C72B3-0E12-4695-9022-E1113C0AA8D1},20260811_212500,2026-08-11T21:25:00Z,70,24,2026-08-12T21:25:00Z,1786480058000,-0.96,1786531030000,-10.8,30.0,574888.7,12993.4,12993.4,92781.8,8473.7,0.6522,0.0913,0.0871,0.0,0.0,False,
or-big-grass,{6B0C72B3-0E12-4695-9022-E1113C0AA8D1},20260811_212500,2026-08-11T21:25:00Z,70,48,2026-08-13T21:25:00Z,1786480058000,-0.96,1786617116000,-10.88,30.0,574888.7,27960.1,27960.1,92784.5,15690.8,0.5612,0.1691,0.1494,0.0,0.0,False,
or-big-grass,{6B0C72B3-0E12-4695-9022-E1113C0AA8D1},20260811_212500,2026-08-11T21:25:00Z,90,12,2026-08-12T09:25:00Z,1786480058000,-0.96,1786530851000,1.15,30.0,574888.7,10377.2,10377.2,92781.8,7046.8,0.6791,0.076,0.0733,0.0,0.0,False,
or-big-grass,{6B0C72B3-0E12-4695-9022-E1113C0AA8D1},20260811_212500,2026-08-11T21:25:00Z,90,24,2026-08-12T21:25:00Z,1786480058000,-0.96,1786531030000,-10.8,30.0,574888.7,18038.2,18038.2,92781.8,11413.7,0.6328,0.123,0.1148,0.0,0.0,False,
or-big-grass,{6B0C72B3-0E12-4695-9022-E1113C0AA8D1},20260811_212500,2026-08-11T21:25:00Z,90,48,2026-08-13T21:25:00Z,1786480058000,-0.96,1786617116000,-10.88,30.0,574888.7,38871.3,38871.3,92784.5,20026.9,0.5152,0.2158,0.1794,0.0,0.0,False,
or-big-grass,{6B0C72B3-0E12-4695-9022-E1113C0AA8D1},20260812_212300,2026-08-12T21:23:00Z,10,12,2026-08-13T09:23:00Z,1786531030000,-10.76,1786617116000,1.15,30.0,667543.7,1510.7,300.5,2.7,0.0,0.0,0.0,0.0,0.0,0.0,False,
or-big-grass,{6B0C72B3-0E12-4695-9022-E1113C0AA8D1},20260812_212300,2026-08-12T21:23:00Z,10,24,2026-08-13T21:23:00Z,1786531030000,-10.76,1786617116000,-10.85,30.0,667543.7,2593.6,462.1,2.7,0.0,0.0,0.0,0.0,0.0,0.0,False,
or-big-grass,{6B0C72B3-0E12-4695-9022-E1113C0AA8D1},20260812_212300,2026-08-12T21:23:00Z,30,12,2026-08-13T09:23:00Z,1786531030000,-10.76,1786617116000,1.15,30.0,667543.7,2311.1,451.5,2.7,0.0,0.0,0.0,0.0,0.0,0.0,False,
or-big-grass,{6B0C72B3-0E12-4695-9022-E1113C0AA8D1},20260812_212300,2026-08-12T21:23:00Z,30,24,2026-08-13T21:23:00Z,1786531030000,-10.76,1786617116000,-10.85,30.0,667543.7,4202.2,741.7,2.7,0.0,0.0,0.0,0.0,0.0,0.0,False,
or-big-grass,{6B0C72B3-0E12-4695-9022-E1113C0AA8D1},20260812_212300,2026-08-12T21:23:00Z,50,12,2026-08-13T09:23:00Z,1786531030000,-10.76,1786617116000,1.15,30.0,667543.7,2744.8,598.5,2.7,0.0,0.0,0.0,0.0,0.0,0.0,False,
or-big-grass,{6B0C72B3-0E12-4695-9022-E1113C0AA8D1},20260812_212300,2026-08-12T21:23:00Z,50,24,2026-08-13T21:23:00Z,1786531030000,-10.76,1786617116000,-10.85,30.0,667543.7,5146.0,1097.1,2.7,0.0,0.0,0.0,0.0,0.0,0.0,False,
or-big-grass,{6B0C72B3-0E12-4695-9022-E1113C0AA8D1},20260812_212300,2026-08-12T21:23:00Z,70,12,2026-08-13T09:23:00Z,1786531030000,-10.76,1786617116000,1.15,30.0,667543.7,4009.6,897.1,2.7,0.0,0.0,0.0,0.0,0.0,0.0,False,
or-big-grass,{6B0C72B3-0E12-4695-9022-E1113C0AA8D1},20260812_212300,2026-08-12T21:23:00Z,70,24,2026-08-13T21:23:00Z,1786531030000,-10.76,1786617116000,-10.85,30.0,667543.7,7860.8,1855.7,2.7,0.0,0.0,0.0,0.0,0.0,0.0,False,
or-big-grass,{6B0C72B3-0E12-4695-9022-E1113C0AA8D1},20260812_212300,2026-08-12T21:23:00Z,90,12,2026-08-13T09:23:00Z,1786531030000,-10.76,1786617116000,1.15,30.0,667543.7,5216.9,1292.3,2.7,0.0,0.0,0.0,0.0,0.0,0.0,False,
or-big-grass,{6B0C72B3-0E12-4695-9022-E1113C0AA8D1},20260812_212300,2026-08-12T21:23:00Z,90,24,2026-08-13T21:23:00Z,1786531030000,-10.76,1786617116000,-10.85,30.0,667543.7,10256.4,2788.4,2.7,0.0,0.0,0.0,0.0,0.0,0.0,False,
or-grasshopper,{6AA4C355-AD18-472F-AAAB-78BAA9DE31B1},20260812_112000,2026-08-12T11:20:00Z,10,12,2026-08-12T23:20:00Z,1786506531000,-7.52,1786564407000,-3.44,30.0,79344.3,2529.5,2529.5,6065.8,114.3,0.0452,0.0188,0.0135,0.0,0.0,False,
or-grasshopper,{6AA4C355-AD18-472F-AAAB-78BAA9DE31B1},20260812_112000,2026-08-12T11:20:00Z,10,24,2026-08-13T11:20:00Z,1786506531000,-7.52,1786622523000,0.7,30.0,79344.3,5226.1,5226.1,7347.7,591.8,0.1132,0.0805,0.0494,0.0,0.0,False,
or-grasshopper,{6AA4C355-AD18-472F-AAAB-78BAA9DE31B1},20260812_112000,2026-08-12T11:20:00Z,30,12,2026-08-12T23:20:00Z,1786506531000,-7.52,1786564407000,-3.44,30.0,79344.3,3280.8,3280.8,6065.8,141.9,0.0432,0.0234,0.0154,0.0,0.0,False,
or-grasshopper,{6AA4C355-AD18-472F-AAAB-78BAA9DE31B1},20260812_112000,2026-08-12T11:20:00Z,30,24,2026-08-13T11:20:00Z,1786506531000,-7.52,1786622523000,0.7,30.0,79344.3,6315.3,6315.3,7347.7,693.6,0.1098,0.0944,0.0535,0.0,0.0,False,
or-grasshopper,{6AA4C355-AD18-472F-AAAB-78BAA9DE31B1},20260812_112000,2026-08-12T11:20:00Z,50,12,2026-08-12T23:20:00Z,1786506531000,-7.52,1786564407000,-3.44,30.0,79344.3,4049.8,4049.8,6065.8,161.9,0.04,0.0267,0.0163,0.0,0.0,False,
or-grasshopper,{6AA4C355-AD18-472F-AAAB-78BAA9DE31B1},20260812_112000,2026-08-12T11:20:00Z,50,24,2026-08-13T11:20:00Z,1786506531000,-7.52,1786622523000,0.7,30.0,79344.3,7447.3,7447.3,7347.7,741.5,0.0996,0.1009,0.0528,0.0,0.0,False,
or-grasshopper,{6AA4C355-AD18-472F-AAAB-78BAA9DE31B1},20260812_112000,2026-08-12T11:20:00Z,70,12,2026-08-12T23:20:00Z,1786506531000,-7.52,1786564407000,-3.44,30.0,79344.3,5122.9,5122.9,6065.8,221.7,0.0433,0.0366,0.0202,0.0,0.0,False,
or-grasshopper,{6AA4C355-AD18-472F-AAAB-78BAA9DE31B1},20260812_112000,2026-08-12T11:20:00Z,70,24,2026-08-13T11:20:00Z,1786506531000,-7.52,1786622523000,0.7,30.0,79344.3,8681.6,8681.6,7347.7,840.9,0.0969,0.1144,0.0554,0.0,0.0,False,
or-grasshopper,{6AA4C355-AD18-472F-AAAB-78BAA9DE31B1},20260812_112000,2026-08-12T11:20:00Z,90,12,2026-08-12T23:20:00Z,1786506531000,-7.52,1786564407000,-3.44,30.0,79344.3,5389.7,5389.7,6065.8,223.5,0.0415,0.0368,0.0199,0.0,0.0,False,
or-grasshopper,{6AA4C355-AD18-472F-AAAB-78BAA9DE31B1},20260812_112000,2026-08-12T11:20:00Z,90,24,2026-08-13T11:20:00Z,1786506531000,-7.52,1786622523000,0.7,30.0,79344.3,9250.1,9250.1,7347.7,863.8,0.0934,0.1176,0.0549,0.0,0.0,False,
or-grasshopper,{6AA4C355-AD18-472F-AAAB-78BAA9DE31B1},20260812_202900,2026-08-12T20:29:00Z,10,12,2026-08-13T08:29:00Z,1786564407000,-0.59,1786614920000,1.44,30.0,85410.1,4807.5,4604.0,1281.9,209.7,0.0456,0.1636,0.0369,0.0,0.0,False,
or-grasshopper,{6AA4C355-AD18-472F-AAAB-78BAA9DE31B1},20260812_202900,2026-08-12T20:29:00Z,10,24,2026-08-13T20:29:00Z,1786564407000,-0.59,1786635279000,-4.91,30.0,85410.1,5586.3,5362.8,1311.7,300.9,0.0561,0.2294,0.0472,0.0,0.0,False,
or-grasshopper,{6AA4C355-AD18-472F-AAAB-78BAA9DE31B1},20260812_202900,2026-08-12T20:29:00Z,30,12,2026-08-13T08:29:00Z,1786564407000,-0.59,1786614920000,1.44,30.0,85410.1,6100.7,5875.4,1281.9,361.4,0.0615,0.2819,0.0532,0.0,0.0,False,
or-grasshopper,{6AA4C355-AD18-472F-AAAB-78BAA9DE31B1},20260812_202900,2026-08-12T20:29:00Z,30,24,2026-08-13T20:29:00Z,1786564407000,-0.59,1786635279000,-4.91,30.0,85410.1,6966.7,6740.8,1311.7,442.6,0.0657,0.3374,0.0582,0.0,0.0,False,
or-grasshopper,{6AA4C355-AD18-472F-AAAB-78BAA9DE31B1},20260812_202900,2026-08-12T20:29:00Z,50,12,2026-08-13T08:29:00Z,1786564407000,-0.59,1786614920000,1.44,30.0,85410.1,6762.8,6536.9,1281.9,477.5,0.073,0.3725,0.065,0.0,0.0,False,
or-grasshopper,{6AA4C355-AD18-472F-AAAB-78BAA9DE31B1},20260812_202900,2026-08-12T20:29:00Z,50,24,2026-08-13T20:29:00Z,1786564407000,-0.59,1786635279000,-4.91,30.0,85410.1,7705.3,7479.4,1311.7,540.2,0.0722,0.4118,0.0655,0.0,0.0,False,
or-grasshopper,{6AA4C355-AD18-472F-AAAB-78BAA9DE31B1},20260812_202900,2026-08-12T20:29:00Z,70,12,2026-08-13T08:29:00Z,1786564407000,-0.59,1786614920000,1.44,30.0,85410.1,8252.0,8026.0,1281.9,522.4,0.0651,0.4075,0.0595,0.0,0.0,False,
or-grasshopper,{6AA4C355-AD18-472F-AAAB-78BAA9DE31B1},20260812_202900,2026-08-12T20:29:00Z,70,24,2026-08-13T20:29:00Z,1786564407000,-0.59,1786635279000,-4.91,30.0,85410.1,9564.8,9338.8,1311.7,594.0,0.0636,0.4529,0.0591,0.0,0.0,False,
or-grasshopper,{6AA4C355-AD18-472F-AAAB-78BAA9DE31B1},20260812_202900,2026-08-12T20:29:00Z,90,12,2026-08-13T08:29:00Z,1786564407000,-0.59,1786614920000,1.44,30.0,85410.1,6269.1,6044.0,1281.9,343.6,0.0568,0.268,0.0492,0.0,0.0,False,
or-grasshopper,{6AA4C355-AD18-472F-AAAB-78BAA9DE31B1},20260812_202900,2026-08-12T20:29:00Z,90,24,2026-08-13T20:29:00Z,1786564407000,-0.59,1786635279000,-4.91,30.0,85410.1,8010.2,7784.3,1311.7,424.8,0.0546,0.3238,0.049,0.0,0.0,False,
or-hagen,{D4E53810-46D0-48FB-889B-3E670328DCFB},20260811_214400,2026-08-11T21:44:00Z,10,12,2026-08-12T09:44:00Z,1786450288000,-9.54,1786535777000,2.2,30.0,54964.4,1167.8,1166.2,1928.8,64.0,0.0549,0.0332,0.0211,0.0,0.0,False,
or-hagen,{D4E53810-46D0-48FB-889B-3E670328DCFB},20260811_214400,2026-08-11T21:44:00Z,10,24,2026-08-12T21:44:00Z,1786450288000,-9.54,1786535777000,-9.8,30.0,54964.4,1653.7,1651.9,1928.8,74.3,0.045,0.0385,0.0212,0.0,0.0,False,
or-hagen,{D4E53810-46D0-48FB-889B-3E670328DCFB},20260811_214400,2026-08-11T21:44:00Z,10,48,2026-08-13T21:44:00Z,1786450288000,-9.54,1786622257000,-9.77,30.0,54964.4,3135.1,3131.3,3293.4,386.5,0.1234,0.1174,0.064,0.0,0.0,False,
or-hagen,{D4E53810-46D0-48FB-889B-3E670328DCFB},20260811_214400,2026-08-11T21:44:00Z,30,12,2026-08-12T09:44:00Z,1786450288000,-9.54,1786535777000,2.2,30.0,54964.4,1910.1,1908.6,1928.8,68.3,0.0358,0.0354,0.0181,0.0,0.0,False,
or-hagen,{D4E53810-46D0-48FB-889B-3E670328DCFB},20260811_214400,2026-08-11T21:44:00Z,30,24,2026-08-12T21:44:00Z,1786450288000,-9.54,1786535777000,-9.8,30.0,54964.4,2584.9,2582.4,1928.8,77.2,0.0299,0.04,0.0174,0.0,0.0,False,
or-hagen,{D4E53810-46D0-48FB-889B-3E670328DCFB},20260811_214400,2026-08-11T21:44:00Z,30,48,2026-08-13T21:44:00Z,1786450288000,-9.54,1786622257000,-9.77,30.0,54964.4,4382.1,4378.3,3293.4,393.0,0.0898,0.1193,0.054,0.0,0.0,False,
or-hagen,{D4E53810-46D0-48FB-889B-3E670328DCFB},20260811_214400,2026-08-11T21:44:00Z,50,12,2026-08-12T09:44:00Z,1786450288000,-9.54,1786535777000,2.2,30.0,54964.4,2065.8,2063.6,1928.8,73.2,0.0355,0.0379,0.0187,0.0,0.0,False,
or-hagen,{D4E53810-46D0-48FB-889B-3E670328DCFB},20260811_214400,2026-08-11T21:44:00Z,50,24,2026-08-12T21:44:00Z,1786450288000,-9.54,1786535777000,-9.8,30.0,54964.4,2969.0,2965.4,1928.8,78.1,0.0263,0.0405,0.0162,0.0,0.0,False,
or-hagen,{D4E53810-46D0-48FB-889B-3E670328DCFB},20260811_214400,2026-08-11T21:44:00Z,50,48,2026-08-13T21:44:00Z,1786450288000,-9.54,1786622257000,-9.77,30.0,54964.4,6085.8,6082.1,3293.4,433.9,0.0713,0.1317,0.0485,0.0,0.0,False,
or-hagen,{D4E53810-46D0-48FB-889B-3E670328DCFB},20260811_214400,2026-08-11T21:44:00Z,70,12,2026-08-12T09:44:00Z,1786450288000,-9.54,1786535777000,2.2,30.0,54964.4,3544.1,3542.1,1928.8,68.3,0.0193,0.0354,0.0126,0.0,0.0,False,
or-hagen,{D4E53810-46D0-48FB-889B-3E670328DCFB},20260811_214400,2026-08-11T21:44:00Z,70,24,2026-08-12T21:44:00Z,1786450288000,-9.54,1786535777000,-9.8,30.0,54964.4,4609.6,4606.7,1928.8,76.7,0.0167,0.0398,0.0119,0.0,0.0,False,
or-hagen,{D4E53810-46D0-48FB-889B-3E670328DCFB},20260811_214400,2026-08-11T21:44:00Z,70,48,2026-08-13T21:44:00Z,1786450288000,-9.54,1786622257000,-9.77,30.0,54964.4,7807.2,7803.4,3293.4,408.1,0.0523,0.1239,0.0382,0.0,0.0,False,
or-hagen,{D4E53810-46D0-48FB-889B-3E670328DCFB},20260811_214400,2026-08-11T21:44:00Z,90,12,2026-08-12T09:44:00Z,1786450288000,-9.54,1786535777000,2.2,30.0,54964.4,4338.9,4336.7,1928.8,76.5,0.0176,0.0397,0.0124,0.0,0.0,False,
or-hagen,{D4E53810-46D0-48FB-889B-3E670328DCFB},20260811_214400,2026-08-11T21:44:00Z,90,24,2026-08-12T21:44:00Z,1786450288000,-9.54,1786535777000,-9.8,30.0,54964.4,6176.1,6172.3,1928.8,78.7,0.0128,0.0408,0.0098,0.0,0.0,False,
or-hagen,{D4E53810-46D0-48FB-889B-3E670328DCFB},20260811_214400,2026-08-11T21:44:00Z,90,48,2026-08-13T21:44:00Z,1786450288000,-9.54,1786622257000,-9.77,30.0,54964.4,12489.7,12485.9,3293.4,450.3,0.0361,0.1367,0.0294,0.0,0.0,False,
or-hagen,{D4E53810-46D0-48FB-889B-3E670328DCFB},20260812_111900,2026-08-12T11:19:00Z,10,12,2026-08-12T23:19:00Z,1786535777000,0.62,1786535777000,-11.38,30.0,56891.9,499.9,497.7,0.0,0.0,0.0,,0.0,0.0,0.0,False,
or-hagen,{D4E53810-46D0-48FB-889B-3E670328DCFB},20260812_111900,2026-08-12T11:19:00Z,10,24,2026-08-13T11:19:00Z,1786535777000,0.62,1786622257000,0.64,30.0,56891.9,978.1,975.0,1364.8,93.4,0.0958,0.0684,0.0416,0.0,0.0,False,
or-hagen,{D4E53810-46D0-48FB-889B-3E670328DCFB},20260812_111900,2026-08-12T11:19:00Z,30,12,2026-08-12T23:19:00Z,1786535777000,0.62,1786535777000,-11.38,30.0,56891.9,603.6,600.7,0.0,0.0,0.0,,0.0,0.0,0.0,False,
or-hagen,{D4E53810-46D0-48FB-889B-3E670328DCFB},20260812_111900,2026-08-12T11:19:00Z,30,24,2026-08-13T11:19:00Z,1786535777000,0.62,1786622257000,0.64,30.0,56891.9,1260.3,1257.2,1364.8,114.3,0.0909,0.0838,0.0456,0.0,0.0,False,
or-hagen,{D4E53810-46D0-48FB-889B-3E670328DCFB},20260812_111900,2026-08-12T11:19:00Z,50,12,2026-08-12T23:19:00Z,1786535777000,0.62,1786535777000,-11.38,30.0,56891.9,761.5,758.4,0.0,0.0,0.0,,0.0,0.0,0.0,False,
or-hagen,{D4E53810-46D0-48FB-889B-3E670328DCFB},20260812_111900,2026-08-12T11:19:00Z,50,24,2026-08-13T11:19:00Z,1786535777000,0.62,1786622257000,0.64,30.0,56891.9,1559.4,1556.3,1364.8,119.2,0.0766,0.0873,0.0425,0.0,0.0,False,
or-hagen,{D4E53810-46D0-48FB-889B-3E670328DCFB},20260812_111900,2026-08-12T11:19:00Z,70,12,2026-08-12T23:19:00Z,1786535777000,0.62,1786535777000,-11.38,30.0,56891.9,1225.4,1222.3,0.0,0.0,0.0,,0.0,0.0,0.0,False,
or-hagen,{D4E53810-46D0-48FB-889B-3E670328DCFB},20260812_111900,2026-08-12T11:19:00Z,70,24,2026-08-13T11:19:00Z,1786535777000,0.62,1786622257000,0.64,30.0,56891.9,2550.2,2546.9,1364.8,143.2,0.0562,0.1049,0.038,0.0,0.0,False,
or-hagen,{D4E53810-46D0-48FB-889B-3E670328DCFB},20260812_111900,2026-08-12T11:19:00Z,90,12,2026-08-12T23:19:00Z,1786535777000,0.62,1786535777000,-11.38,30.0,56891.9,1056.6,1053.7,0.0,0.0,0.0,,0.0,0.0,0.0,False,
or-hagen,{D4E53810-46D0-48FB-889B-3E670328DCFB},20260812_111900,2026-08-12T11:19:00Z,90,24,2026-08-13T11:19:00Z,1786535777000,0.62,1786622257000,0.64,30.0,56891.9,2118.5,2115.4,1364.8,118.5,0.056,0.0869,0.0353,0.0,0.0,False,
or-little-bear,{DDD323AA-005F-4859-8F72-866A09DD049B},20260812_095900,2026-08-12T09:59:00Z,10,12,2026-08-12T21:59:00Z,,,1786551575000,-5.66,30.0,0.0,177.9,177.9,86.5,0.0,0.0,0.0,0.0,0.0,0.0,False,baseline=none
or-little-bear,{DDD323AA-005F-4859-8F72-866A09DD049B},20260812_095900,2026-08-12T09:59:00Z,30,12,2026-08-12T21:59:00Z,,,1786551575000,-5.66,30.0,0.0,200.4,200.4,86.5,0.0,0.0,0.0,0.0,0.0,0.0,False,baseline=none
or-little-bear,{DDD323AA-005F-4859-8F72-866A09DD049B},20260812_095900,2026-08-12T09:59:00Z,50,12,2026-08-12T21:59:00Z,,,1786551575000,-5.66,30.0,0.0,247.7,247.7,86.5,0.0,0.0,0.0,0.0,0.0,0.0,False,baseline=none
or-little-bear,{DDD323AA-005F-4859-8F72-866A09DD049B},20260812_095900,2026-08-12T09:59:00Z,70,12,2026-08-12T21:59:00Z,,,1786551575000,-5.66,30.0,0.0,329.8,329.8,86.5,0.0,0.0,0.0,0.0,0.0,0.0,False,baseline=none
or-little-bear,{DDD323AA-005F-4859-8F72-866A09DD049B},20260812_095900,2026-08-12T09:59:00Z,90,12,2026-08-12T21:59:00Z,,,1786551575000,-5.66,30.0,0.0,346.3,346.3,86.5,0.0,0.0,0.0,0.0,0.0,0.0,False,baseline=none
or-little-bear,{DDD323AA-005F-4859-8F72-866A09DD049B},20260812_160000,2026-08-12T16:00:00Z,10,12,2026-08-13T04:00:00Z,1786551575000,0.33,1786551575000,-11.67,30.0,86.3,541.8,541.8,0.0,0.0,0.0,,0.0,0.0,0.0,False,
or-little-bear,{DDD323AA-005F-4859-8F72-866A09DD049B},20260812_160000,2026-08-12T16:00:00Z,30,12,2026-08-13T04:00:00Z,1786551575000,0.33,1786551575000,-11.67,30.0,86.3,662.7,662.7,0.0,0.0,0.0,,0.0,0.0,0.0,False,
or-little-bear,{DDD323AA-005F-4859-8F72-866A09DD049B},20260812_160000,2026-08-12T16:00:00Z,50,12,2026-08-13T04:00:00Z,1786551575000,0.33,1786551575000,-11.67,30.0,86.3,849.5,849.5,0.0,0.0,0.0,,0.0,0.0,0.0,False,
or-little-bear,{DDD323AA-005F-4859-8F72-866A09DD049B},20260812_160000,2026-08-12T16:00:00Z,70,12,2026-08-13T04:00:00Z,1786551575000,0.33,1786551575000,-11.67,30.0,86.3,1138.0,1138.0,0.0,0.0,0.0,,0.0,0.0,0.0,False,
or-little-bear,{DDD323AA-005F-4859-8F72-866A09DD049B},20260812_160000,2026-08-12T16:00:00Z,90,12,2026-08-13T04:00:00Z,1786551575000,0.33,1786551575000,-11.67,30.0,86.3,1119.8,1119.8,0.0,0.0,0.0,,0.0,0.0,0.0,False,
or-paradise,{C8034780-D588-48DA-8BC9-C6CED34CD8DF},20260812_112000,2026-08-12T11:20:00Z,10,12,2026-08-12T23:20:00Z,1786542844000,2.57,1786542844000,-9.43,30.0,4031.6,185.5,185.5,0.0,0.0,0.0,,0.0,0.0,0.0,False,
or-paradise,{C8034780-D588-48DA-8BC9-C6CED34CD8DF},20260812_112000,2026-08-12T11:20:00Z,10,24,2026-08-13T11:20:00Z,1786542844000,2.57,1786622257000,0.63,30.0,4031.6,413.7,413.7,459.5,23.6,0.057,0.0513,0.0277,0.0,0.0,False,
or-paradise,{C8034780-D588-48DA-8BC9-C6CED34CD8DF},20260812_112000,2026-08-12T11:20:00Z,30,12,2026-08-12T23:20:00Z,1786542844000,2.57,1786542844000,-9.43,30.0,4031.6,268.4,268.4,0.0,0.0,0.0,,0.0,0.0,0.0,False,
or-paradise,{C8034780-D588-48DA-8BC9-C6CED34CD8DF},20260812_112000,2026-08-12T11:20:00Z,30,24,2026-08-13T11:20:00Z,1786542844000,2.57,1786622257000,0.63,30.0,4031.6,609.4,609.4,459.5,29.8,0.0489,0.0649,0.0287,0.0,0.0,False,
or-paradise,{C8034780-D588-48DA-8BC9-C6CED34CD8DF},20260812_112000,2026-08-12T11:20:00Z,50,12,2026-08-12T23:20:00Z,1786542844000,2.57,1786542844000,-9.43,30.0,4031.6,346.7,346.7,0.0,0.0,0.0,,0.0,0.0,0.0,False,
or-paradise,{C8034780-D588-48DA-8BC9-C6CED34CD8DF},20260812_112000,2026-08-12T11:20:00Z,50,24,2026-08-13T11:20:00Z,1786542844000,2.57,1786622257000,0.63,30.0,4031.6,788.6,788.6,459.5,31.1,0.0395,0.0678,0.0256,0.0,0.0,False,
or-paradise,{C8034780-D588-48DA-8BC9-C6CED34CD8DF},20260812_112000,2026-08-12T11:20:00Z,70,12,2026-08-12T23:20:00Z,1786542844000,2.57,1786542844000,-9.43,30.0,4031.6,541.1,541.1,0.0,0.0,0.0,,0.0,0.0,0.0,False,
or-paradise,{C8034780-D588-48DA-8BC9-C6CED34CD8DF},20260812_112000,2026-08-12T11:20:00Z,70,24,2026-08-13T11:20:00Z,1786542844000,2.57,1786622257000,0.63,30.0,4031.6,1082.4,1082.4,459.5,36.7,0.0339,0.0799,0.0244,0.0,0.0,False,
or-paradise,{C8034780-D588-48DA-8BC9-C6CED34CD8DF},20260812_112000,2026-08-12T11:20:00Z,90,12,2026-08-12T23:20:00Z,1786542844000,2.57,1786542844000,-9.43,30.0,4031.6,934.9,934.9,0.0,0.0,0.0,,0.0,0.0,0.0,False,
or-paradise,{C8034780-D588-48DA-8BC9-C6CED34CD8DF},20260812_112000,2026-08-12T11:20:00Z,90,24,2026-08-13T11:20:00Z,1786542844000,2.57,1786622257000,0.63,30.0,4031.6,1956.2,1956.2,459.5,39.6,0.0202,0.0862,0.0167,0.0,0.0,False,
or-paradise,{C8034780-D588-48DA-8BC9-C6CED34CD8DF},20260812_202900,2026-08-12T20:29:00Z,10,12,2026-08-13T08:29:00Z,1786542844000,-6.58,1786622257000,3.48,30.0,4031.6,465.0,465.0,459.5,24.2,0.0521,0.0528,0.0269,0.0,0.0,False,
or-paradise,{C8034780-D588-48DA-8BC9-C6CED34CD8DF},20260812_202900,2026-08-12T20:29:00Z,10,24,2026-08-13T20:29:00Z,1786542844000,-6.58,1786622257000,-8.52,30.0,4031.6,598.7,598.7,459.5,27.1,0.0453,0.0591,0.0263,0.0,0.0,False,
or-paradise,{C8034780-D588-48DA-8BC9-C6CED34CD8DF},20260812_202900,2026-08-12T20:29:00Z,30,12,2026-08-13T08:29:00Z,1786542844000,-6.58,1786622257000,3.48,30.0,4031.6,629.8,629.8,459.5,28.0,0.0445,0.061,0.0264,0.0,0.0,False,
or-paradise,{C8034780-D588-48DA-8BC9-C6CED34CD8DF},20260812_202900,2026-08-12T20:29:00Z,30,24,2026-08-13T20:29:00Z,1786542844000,-6.58,1786622257000,-8.52,30.0,4031.6,804.6,804.6,459.5,29.6,0.0368,0.0644,0.024,0.0,0.0,False,
or-paradise,{C8034780-D588-48DA-8BC9-C6CED34CD8DF},20260812_202900,2026-08-12T20:29:00Z,50,12,2026-08-13T08:29:00Z,1786542844000,-6.58,1786622257000,3.48,30.0,4031.6,801.5,801.5,459.5,30.5,0.038,0.0663,0.0248,0.0,0.0,False,
or-paradise,{C8034780-D588-48DA-8BC9-C6CED34CD8DF},20260812_202900,2026-08-12T20:29:00Z,50,24,2026-08-13T20:29:00Z,1786542844000,-6.58,1786622257000,-8.52,30.0,4031.6,1022.6,1022.6,459.5,30.7,0.03,0.0668,0.0211,0.0,0.0,False,
or-paradise,{C8034780-D588-48DA-8BC9-C6CED34CD8DF},20260812_202900,2026-08-12T20:29:00Z,70,12,2026-08-13T08:29:00Z,1786542844000,-6.58,1786622257000,3.48,30.0,4031.6,1054.6,1054.6,459.5,30.2,0.0287,0.0658,0.0204,0.0,0.0,False,
or-paradise,{C8034780-D588-48DA-8BC9-C6CED34CD8DF},20260812_202900,2026-08-12T20:29:00Z,70,24,2026-08-13T20:29:00Z,1786542844000,-6.58,1786622257000,-8.52,30.0,4031.6,1351.7,1351.7,459.5,30.7,0.0227,0.0668,0.0172,0.0,0.0,False,
or-paradise,{C8034780-D588-48DA-8BC9-C6CED34CD8DF},20260812_202900,2026-08-12T20:29:00Z,90,12,2026-08-13T08:29:00Z,1786542844000,-6.58,1786622257000,3.48,30.0,4031.6,1741.4,1741.4,459.5,28.0,0.0161,0.061,0.0129,0.0,0.0,False,
or-paradise,{C8034780-D588-48DA-8BC9-C6CED34CD8DF},20260812_202900,2026-08-12T20:29:00Z,90,24,2026-08-13T20:29:00Z,1786542844000,-6.58,1786622257000,-8.52,30.0,4031.6,2108.7,2108.7,459.5,29.6,0.014,0.0644,0.0117,0.0,0.0,False,
or-wrights-spring,{808808D2-F485-44FB-8819-F3C8C32138B8},20260812_221000,2026-08-12T22:10:00Z,10,12,2026-08-13T10:10:00Z,1786532477000,-11.15,1786618464000,0.74,30.0,53957.0,1877.2,1877.2,538.2,37.1,0.0198,0.069,0.0156,0.0,0.0,False,
or-wrights-spring,{808808D2-F485-44FB-8819-F3C8C32138B8},20260812_221000,2026-08-12T22:10:00Z,10,24,2026-08-13T22:10:00Z,1786532477000,-11.15,1786626113000,-9.14,30.0,53957.0,2824.0,2824.0,538.2,39.1,0.0139,0.0727,0.0118,0.0,0.0,False,
or-wrights-spring,{808808D2-F485-44FB-8819-F3C8C32138B8},20260812_221000,2026-08-12T22:10:00Z,30,12,2026-08-13T10:10:00Z,1786532477000,-11.15,1786618464000,0.74,30.0,53957.0,1910.6,1910.6,538.2,36.9,0.0193,0.0686,0.0153,0.0,0.0,False,
or-wrights-spring,{808808D2-F485-44FB-8819-F3C8C32138B8},20260812_221000,2026-08-12T22:10:00Z,30,24,2026-08-13T22:10:00Z,1786532477000,-11.15,1786626113000,-9.14,30.0,53957.0,2907.1,2907.1,538.2,38.5,0.0132,0.0715,0.0113,0.0,0.0,False,
or-wrights-spring,{808808D2-F485-44FB-8819-F3C8C32138B8},20260812_221000,2026-08-12T22:10:00Z,50,12,2026-08-13T10:10:00Z,1786532477000,-11.15,1786618464000,0.74,30.0,53957.0,3301.9,3301.9,538.2,39.4,0.0119,0.0731,0.0104,0.0,0.0,False,
or-wrights-spring,{808808D2-F485-44FB-8819-F3C8C32138B8},20260812_221000,2026-08-12T22:10:00Z,50,24,2026-08-13T22:10:00Z,1786532477000,-11.15,1786626113000,-9.14,30.0,53957.0,5176.2,5176.2,538.2,39.4,0.0076,0.0731,0.0069,0.0,0.0,False,
or-wrights-spring,{808808D2-F485-44FB-8819-F3C8C32138B8},20260812_221000,2026-08-12T22:10:00Z,70,12,2026-08-13T10:10:00Z,1786532477000,-11.15,1786618464000,0.74,30.0,53957.0,5855.2,5855.2,538.2,39.4,0.0067,0.0731,0.0062,0.0,0.0,False,
or-wrights-spring,{808808D2-F485-44FB-8819-F3C8C32138B8},20260812_221000,2026-08-12T22:10:00Z,70,24,2026-08-13T22:10:00Z,1786532477000,-11.15,1786626113000,-9.14,30.0,53957.0,9146.9,9146.7,538.2,40.0,0.0044,0.0744,0.0042,0.0,0.0,False,
or-wrights-spring,{808808D2-F485-44FB-8819-F3C8C32138B8},20260812_221000,2026-08-12T22:10:00Z,90,12,2026-08-13T10:10:00Z,1786532477000,-11.15,1786618464000,0.74,30.0,53957.0,7064.6,7064.6,538.2,39.4,0.0056,0.0731,0.0052,0.0,0.0,False,
or-wrights-spring,{808808D2-F485-44FB-8819-F3C8C32138B8},20260812_221000,2026-08-12T22:10:00Z,90,24,2026-08-13T22:10:00Z,1786532477000,-11.15,1786626113000,-9.14,30.0,53957.0,10806.6,10805.7,538.2,40.7,0.0038,0.0756,0.0036,0.0,0.0,False,
or-wrights-spring,{808808D2-F485-44FB-8819-F3C8C32138B8},20260813_112100,2026-08-13T11:21:00Z,10,12,2026-08-13T23:21:00Z,1786626113000,1.68,1786626113000,-10.32,30.0,54491.4,316.7,316.7,0.0,0.0,0.0,,0.0,0.0,0.0,False,
or-wrights-spring,{808808D2-F485-44FB-8819-F3C8C32138B8},20260813_112100,2026-08-13T11:21:00Z,30,12,2026-08-13T23:21:00Z,1786626113000,1.68,1786626113000,-10.32,30.0,54491.4,617.1,617.1,0.0,0.0,0.0,,0.0,0.0,0.0,False,
or-wrights-spring,{808808D2-F485-44FB-8819-F3C8C32138B8},20260813_112100,2026-08-13T11:21:00Z,50,12,2026-08-13T23:21:00Z,1786626113000,1.68,1786626113000,-10.32,30.0,54491.4,886.2,886.2,0.0,0.0,0.0,,0.0,0.0,0.0,False,
or-wrights-spring,{808808D2-F485-44FB-8819-F3C8C32138B8},20260813_112100,2026-08-13T11:21:00Z,70,12,2026-08-13T23:21:00Z,1786626113000,1.68,1786626113000,-10.32,30.0,54491.4,982.3,982.3,0.0,0.0,0.0,,0.0,0.0,0.0,False,
or-wrights-spring,{808808D2-F485-44FB-8819-F3C8C32138B8},20260813_112100,2026-08-13T11:21:00Z,90,12,2026-08-13T23:21:00Z,1786626113000,1.68,1786626113000,-10.32,30.0,54491.4,1260.1,1260.1,0.0,0.0,0.0,,0.0,0.0,0.0,False,
sd-phahin,{FEA2A4F2-D8C6-40BB-B67C-EBC7DBA3BBD7},20260812_152700,2026-08-12T15:27:00Z,10,12,2026-08-13T03:27:00Z,,,1786560003856,-8.78,30.0,0.0,656.1,656.1,25.6,17.1,0.0261,0.6696,0.0258,0.0,0.0,False,baseline=none
sd-phahin,{FEA2A4F2-D8C6-40BB-B67C-EBC7DBA3BBD7},20260812_152700,2026-08-12T15:27:00Z,30,12,2026-08-13T03:27:00Z,,,1786560003856,-8.78,30.0,0.0,965.9,965.9,25.6,17.6,0.0182,0.687,0.018,0.0,0.0,False,baseline=none
sd-phahin,{FEA2A4F2-D8C6-40BB-B67C-EBC7DBA3BBD7},20260812_152700,2026-08-12T15:27:00Z,50,12,2026-08-13T03:27:00Z,,,1786560003856,-8.78,30.0,0.0,1294.6,1294.6,25.6,17.6,0.0136,0.687,0.0135,0.0,0.0,False,baseline=none
sd-phahin,{FEA2A4F2-D8C6-40BB-B67C-EBC7DBA3BBD7},20260812_152700,2026-08-12T15:27:00Z,70,12,2026-08-13T03:27:00Z,,,1786560003856,-8.78,30.0,0.0,1165.3,1165.3,25.6,17.6,0.0151,0.687,0.015,0.0,0.0,False,baseline=none
sd-phahin,{FEA2A4F2-D8C6-40BB-B67C-EBC7DBA3BBD7},20260812_152700,2026-08-12T15:27:00Z,90,12,2026-08-13T03:27:00Z,,,1786560003856,-8.78,30.0,0.0,1643.9,1643.9,25.6,17.6,0.0107,0.687,0.0106,0.0,0.0,False,baseline=none
ut-black-canyon,{C1ED0EF1-0BD2-41C2-9292-41C6DF3DD61F},20260811_101900,2026-08-11T10:19:00Z,10,12,2026-08-11T22:19:00Z,1786395458000,-13.36,1786484023000,-0.75,30.0,3529.6,124.3,124.3,10.5,0.0,0.0,0.0,0.0,0.0,0.0,False,
ut-black-canyon,{C1ED0EF1-0BD2-41C2-9292-41C6DF3DD61F},20260811_101900,2026-08-11T10:19:00Z,10,24,2026-08-12T10:19:00Z,1786395458000,-13.36,1786564147187,9.5,30.0,3529.6,330.0,330.0,10.5,0.0,0.0,0.0,0.0,0.0,0.0,False,
ut-black-canyon,{C1ED0EF1-0BD2-41C2-9292-41C6DF3DD61F},20260811_101900,2026-08-11T10:19:00Z,10,48,2026-08-13T10:19:00Z,1786395458000,-13.36,1786583452000,-9.14,30.0,3529.6,841.1,841.1,16.7,0.0,0.0,0.0,0.0,0.0,0.0,False,
ut-black-canyon,{C1ED0EF1-0BD2-41C2-9292-41C6DF3DD61F},20260811_101900,2026-08-11T10:19:00Z,30,12,2026-08-11T22:19:00Z,1786395458000,-13.36,1786484023000,-0.75,30.0,3529.6,200.6,200.6,10.5,0.0,0.0,0.0,0.0,0.0,0.0,False,
ut-black-canyon,{C1ED0EF1-0BD2-41C2-9292-41C6DF3DD61F},20260811_101900,2026-08-11T10:19:00Z,30,24,2026-08-12T10:19:00Z,1786395458000,-13.36,1786564147187,9.5,30.0,3529.6,555.3,555.3,10.5,0.0,0.0,0.0,0.0,0.0,0.0,False,
ut-black-canyon,{C1ED0EF1-0BD2-41C2-9292-41C6DF3DD61F},20260811_101900,2026-08-11T10:19:00Z,30,48,2026-08-13T10:19:00Z,1786395458000,-13.36,1786583452000,-9.14,30.0,3529.6,1252.8,1252.8,16.7,0.0,0.0,0.0,0.0,0.0,0.0,False,
ut-black-canyon,{C1ED0EF1-0BD2-41C2-9292-41C6DF3DD61F},20260811_101900,2026-08-11T10:19:00Z,50,12,2026-08-11T22:19:00Z,1786395458000,-13.36,1786484023000,-0.75,30.0,3529.6,194.2,194.2,10.5,0.0,0.0,0.0,0.0,0.0,0.0,False,
ut-black-canyon,{C1ED0EF1-0BD2-41C2-9292-41C6DF3DD61F},20260811_101900,2026-08-11T10:19:00Z,50,24,2026-08-12T10:19:00Z,1786395458000,-13.36,1786564147187,9.5,30.0,3529.6,548.4,548.4,10.5,0.0,0.0,0.0,0.0,0.0,0.0,False,
ut-black-canyon,{C1ED0EF1-0BD2-41C2-9292-41C6DF3DD61F},20260811_101900,2026-08-11T10:19:00Z,50,48,2026-08-13T10:19:00Z,1786395458000,-13.36,1786583452000,-9.14,30.0,3529.6,1253.4,1253.4,16.7,0.0,0.0,0.0,0.0,0.0,0.0,False,
ut-black-canyon,{C1ED0EF1-0BD2-41C2-9292-41C6DF3DD61F},20260811_101900,2026-08-11T10:19:00Z,70,12,2026-08-11T22:19:00Z,1786395458000,-13.36,1786484023000,-0.75,30.0,3529.6,267.8,267.8,10.5,0.0,0.0,0.0,0.0,0.0,0.0,False,
ut-black-canyon,{C1ED0EF1-0BD2-41C2-9292-41C6DF3DD61F},20260811_101900,2026-08-11T10:19:00Z,70,24,2026-08-12T10:19:00Z,1786395458000,-13.36,1786564147187,9.5,30.0,3529.6,837.3,837.3,10.5,0.0,0.0,0.0,0.0,0.0,0.0,False,
ut-black-canyon,{C1ED0EF1-0BD2-41C2-9292-41C6DF3DD61F},20260811_101900,2026-08-11T10:19:00Z,70,48,2026-08-13T10:19:00Z,1786395458000,-13.36,1786583452000,-9.14,30.0,3529.6,1637.5,1637.5,16.7,0.0,0.0,0.0,0.0,0.0,0.0,False,
ut-black-canyon,{C1ED0EF1-0BD2-41C2-9292-41C6DF3DD61F},20260811_101900,2026-08-11T10:19:00Z,90,12,2026-08-11T22:19:00Z,1786395458000,-13.36,1786484023000,-0.75,30.0,3529.6,271.3,271.3,10.5,0.0,0.0,0.0,0.0,0.0,0.0,False,
ut-black-canyon,{C1ED0EF1-0BD2-41C2-9292-41C6DF3DD61F},20260811_101900,2026-08-11T10:19:00Z,90,24,2026-08-12T10:19:00Z,1786395458000,-13.36,1786564147187,9.5,30.0,3529.6,989.0,989.0,10.5,0.0,0.0,0.0,0.0,0.0,0.0,False,
ut-black-canyon,{C1ED0EF1-0BD2-41C2-9292-41C6DF3DD61F},20260811_101900,2026-08-11T10:19:00Z,90,48,2026-08-13T10:19:00Z,1786395458000,-13.36,1786583452000,-9.14,30.0,3529.6,2014.2,2014.2,16.7,0.0,0.0,0.0,0.0,0.0,0.0,False,
ut-black-canyon,{C1ED0EF1-0BD2-41C2-9292-41C6DF3DD61F},20260812_094300,2026-08-12T09:43:00Z,10,12,2026-08-12T21:43:00Z,1786484023000,-12.15,1786571110000,0.04,30.0,3540.1,82.1,82.1,6.0,0.0,0.0,0.0,0.0,0.0,0.0,False,
ut-black-canyon,{C1ED0EF1-0BD2-41C2-9292-41C6DF3DD61F},20260812_094300,2026-08-12T09:43:00Z,10,24,2026-08-13T09:43:00Z,1786484023000,-12.15,1786583452000,-8.54,30.0,3540.1,153.0,153.0,6.2,0.0,0.0,0.0,0.0,0.0,0.0,False,
ut-black-canyon,{C1ED0EF1-0BD2-41C2-9292-41C6DF3DD61F},20260812_094300,2026-08-12T09:43:00Z,30,12,2026-08-12T21:43:00Z,1786484023000,-12.15,1786571110000,0.04,30.0,3540.1,93.2,93.2,6.0,0.0,0.0,0.0,0.0,0.0,0.0,False,
ut-black-canyon,{C1ED0EF1-0BD2-41C2-9292-41C6DF3DD61F},20260812_094300,2026-08-12T09:43:00Z,30,24,2026-08-13T09:43:00Z,1786484023000,-12.15,1786583452000,-8.54,30.0,3540.1,192.1,192.1,6.2,0.0,0.0,0.0,0.0,0.0,0.0,False,
ut-black-canyon,{C1ED0EF1-0BD2-41C2-9292-41C6DF3DD61F},20260812_094300,2026-08-12T09:43:00Z,50,12,2026-08-12T21:43:00Z,1786484023000,-12.15,1786571110000,0.04,30.0,3540.1,109.4,109.4,6.0,0.0,0.0,0.0,0.0,0.0,0.0,False,
ut-black-canyon,{C1ED0EF1-0BD2-41C2-9292-41C6DF3DD61F},20260812_094300,2026-08-12T09:43:00Z,50,24,2026-08-13T09:43:00Z,1786484023000,-12.15,1786583452000,-8.54,30.0,3540.1,225.7,225.7,6.2,0.0,0.0,0.0,0.0,0.0,0.0,False,
ut-black-canyon,{C1ED0EF1-0BD2-41C2-9292-41C6DF3DD61F},20260812_094300,2026-08-12T09:43:00Z,70,12,2026-08-12T21:43:00Z,1786484023000,-12.15,1786571110000,0.04,30.0,3540.1,112.8,112.8,6.0,0.0,0.0,0.0,0.0,0.0,0.0,False,
ut-black-canyon,{C1ED0EF1-0BD2-41C2-9292-41C6DF3DD61F},20260812_094300,2026-08-12T09:43:00Z,70,24,2026-08-13T09:43:00Z,1786484023000,-12.15,1786583452000,-8.54,30.0,3540.1,213.5,213.5,6.2,0.0,0.0,0.0,0.0,0.0,0.0,False,
ut-black-canyon,{C1ED0EF1-0BD2-41C2-9292-41C6DF3DD61F},20260812_094300,2026-08-12T09:43:00Z,90,12,2026-08-12T21:43:00Z,1786484023000,-12.15,1786571110000,0.04,30.0,3540.1,131.0,131.0,6.0,0.0,0.0,0.0,0.0,0.0,0.0,False,
ut-black-canyon,{C1ED0EF1-0BD2-41C2-9292-41C6DF3DD61F},20260812_094300,2026-08-12T09:43:00Z,90,24,2026-08-13T09:43:00Z,1786484023000,-12.15,1786583452000,-8.54,30.0,3540.1,253.8,253.8,6.2,0.0,0.0,0.0,0.0,0.0,0.0,False,
ut-rocky-canyon,{0258851A-69B4-4B68-AC68-7401725397C1},20260811_190800,2026-08-11T19:08:00Z,10,12,2026-08-12T07:08:00Z,1786464431000,-3.01,1786539104000,5.73,30.0,14617.3,5696.6,5696.6,1041.0,165.0,0.029,0.1585,0.0251,0.0,0.0,False,
ut-rocky-canyon,{0258851A-69B4-4B68-AC68-7401725397C1},20260811_190800,2026-08-11T19:08:00Z,10,24,2026-08-12T19:08:00Z,1786464431000,-3.01,1786564147187,0.69,30.0,14617.3,6432.8,6432.8,748.4,65.8,0.0102,0.088,0.0093,0.0,0.0,False,
ut-rocky-canyon,{0258851A-69B4-4B68-AC68-7401725397C1},20260811_190800,2026-08-11T19:08:00Z,30,12,2026-08-12T07:08:00Z,1786464431000,-3.01,1786539104000,5.73,30.0,14617.3,6068.7,6068.7,1041.0,172.4,0.0284,0.1656,0.0248,0.0,0.0,False,
ut-rocky-canyon,{0258851A-69B4-4B68-AC68-7401725397C1},20260811_190800,2026-08-11T19:08:00Z,30,24,2026-08-12T19:08:00Z,1786464431000,-3.01,1786564147187,0.69,30.0,14617.3,6789.5,6789.5,748.4,65.8,0.0097,0.088,0.0088,0.0,0.0,False,
ut-rocky-canyon,{0258851A-69B4-4B68-AC68-7401725397C1},20260811_190800,2026-08-11T19:08:00Z,50,12,2026-08-12T07:08:00Z,1786464431000,-3.01,1786539104000,5.73,30.0,14617.3,8075.6,8075.6,1041.0,181.9,0.0225,0.1747,0.0204,0.0,0.0,False,
ut-rocky-canyon,{0258851A-69B4-4B68-AC68-7401725397C1},20260811_190800,2026-08-11T19:08:00Z,50,24,2026-08-12T19:08:00Z,1786464431000,-3.01,1786564147187,0.69,30.0,14617.3,9033.7,9033.7,748.4,65.8,0.0073,0.088,0.0068,0.0,0.0,False,
ut-rocky-canyon,{0258851A-69B4-4B68-AC68-7401725397C1},20260811_190800,2026-08-11T19:08:00Z,70,12,2026-08-12T07:08:00Z,1786464431000,-3.01,1786539104000,5.73,30.0,14617.3,7099.7,7099.7,1041.0,180.4,0.0254,0.1733,0.0227,0.0,0.0,False,
ut-rocky-canyon,{0258851A-69B4-4B68-AC68-7401725397C1},20260811_190800,2026-08-11T19:08:00Z,70,24,2026-08-12T19:08:00Z,1786464431000,-3.01,1786564147187,0.69,30.0,14617.3,7986.2,7986.2,748.4,65.8,0.0082,0.088,0.0076,0.0,0.0,False,
ut-rocky-canyon,{0258851A-69B4-4B68-AC68-7401725397C1},20260811_190800,2026-08-11T19:08:00Z,90,12,2026-08-12T07:08:00Z,1786464431000,-3.01,1786539104000,5.73,30.0,14617.3,8726.6,8726.6,1041.0,184.8,0.0212,0.1775,0.0193,0.0,0.0,False,
ut-rocky-canyon,{0258851A-69B4-4B68-AC68-7401725397C1},20260811_190800,2026-08-11T19:08:00Z,90,24,2026-08-12T19:08:00Z,1786464431000,-3.01,1786564147187,0.69,30.0,14617.3,9786.3,9786.3,748.4,65.8,0.0067,0.088,0.0063,0.0,0.0,False,
ut-rocky-canyon,{0258851A-69B4-4B68-AC68-7401725397C1},20260812_100000,2026-08-12T10:00:00Z,10,12,2026-08-12T22:00:00Z,1786539104000,2.86,1786573717000,0.48,30.0,15647.3,532.6,473.7,0.0,0.0,0.0,,0.0,0.0,0.0,False,
ut-rocky-canyon,{0258851A-69B4-4B68-AC68-7401725397C1},20260812_100000,2026-08-12T10:00:00Z,10,24,2026-08-13T10:00:00Z,1786539104000,2.86,1786573717000,-11.52,30.0,15647.3,1068.2,978.1,0.0,0.0,0.0,,0.0,0.0,0.0,False,
ut-rocky-canyon,{0258851A-69B4-4B68-AC68-7401725397C1},20260812_100000,2026-08-12T10:00:00Z,30,12,2026-08-12T22:00:00Z,1786539104000,2.86,1786573717000,0.48,30.0,15647.3,860.2,784.8,0.0,0.0,0.0,,0.0,0.0,0.0,False,
ut-rocky-canyon,{0258851A-69B4-4B68-AC68-7401725397C1},20260812_100000,2026-08-12T10:00:00Z,30,24,2026-08-13T10:00:00Z,1786539104000,2.86,1786573717000,-11.52,30.0,15647.3,1666.8,1562.3,0.0,0.0,0.0,,0.0,0.0,0.0,False,
ut-rocky-canyon,{0258851A-69B4-4B68-AC68-7401725397C1},20260812_100000,2026-08-12T10:00:00Z,50,12,2026-08-12T22:00:00Z,1786539104000,2.86,1786573717000,0.48,30.0,15647.3,944.5,879.1,0.0,0.0,0.0,,0.0,0.0,0.0,False,
ut-rocky-canyon,{0258851A-69B4-4B68-AC68-7401725397C1},20260812_100000,2026-08-12T10:00:00Z,50,24,2026-08-13T10:00:00Z,1786539104000,2.86,1786573717000,-11.52,30.0,15647.3,1750.7,1650.4,0.0,0.0,0.0,,0.0,0.0,0.0,False,
ut-rocky-canyon,{0258851A-69B4-4B68-AC68-7401725397C1},20260812_100000,2026-08-12T10:00:00Z,70,12,2026-08-12T22:00:00Z,1786539104000,2.86,1786573717000,0.48,30.0,15647.3,1182.9,1092.8,0.0,0.0,0.0,,0.0,0.0,0.0,False,
ut-rocky-canyon,{0258851A-69B4-4B68-AC68-7401725397C1},20260812_100000,2026-08-12T10:00:00Z,70,24,2026-08-13T10:00:00Z,1786539104000,2.86,1786573717000,-11.52,30.0,15647.3,2384.5,2268.2,0.0,0.0,0.0,,0.0,0.0,0.0,False,
ut-rocky-canyon,{0258851A-69B4-4B68-AC68-7401725397C1},20260812_100000,2026-08-12T10:00:00Z,90,12,2026-08-12T22:00:00Z,1786539104000,2.86,1786573717000,0.48,30.0,15647.3,1341.9,1254.8,0.0,0.0,0.0,,0.0,0.0,0.0,False,
ut-rocky-canyon,{0258851A-69B4-4B68-AC68-7401725397C1},20260812_100000,2026-08-12T10:00:00Z,90,24,2026-08-13T10:00:00Z,1786539104000,2.86,1786573717000,-11.52,30.0,15647.3,2690.3,2572.9,0.0,0.0,0.0,,0.0,0.0,0.0,False,
ut-widemouth-2,{07C99ED8-E61D-43F0-AF86-B3A75F30781C},20260812_202700,2026-08-12T20:27:00Z,10,12,2026-08-13T08:27:00Z,1786562954000,-0.96,1786579162000,-8.46,30.0,127549.2,2919.4,2919.4,1956.6,1033.2,0.3539,0.5281,0.2689,0.0,0.0,False,
ut-widemouth-2,{07C99ED8-E61D-43F0-AF86-B3A75F30781C},20260812_202700,2026-08-12T20:27:00Z,30,12,2026-08-13T08:27:00Z,1786562954000,-0.96,1786579162000,-8.46,30.0,127549.2,4559.8,4559.8,1956.6,1063.9,0.2333,0.5438,0.1951,0.0,0.0,False,
ut-widemouth-2,{07C99ED8-E61D-43F0-AF86-B3A75F30781C},20260812_202700,2026-08-12T20:27:00Z,50,12,2026-08-13T08:27:00Z,1786562954000,-0.96,1786579162000,-8.46,30.0,127549.2,4336.9,4336.9,1956.6,1068.6,0.2464,0.5461,0.2045,0.0,0.0,False,
ut-widemouth-2,{07C99ED8-E61D-43F0-AF86-B3A75F30781C},20260812_202700,2026-08-12T20:27:00Z,70,12,2026-08-13T08:27:00Z,1786562954000,-0.96,1786579162000,-8.46,30.0,127549.2,3370.2,3370.2,1956.6,1039.5,0.3084,0.5313,0.2425,0.0,0.0,False,
ut-widemouth-2,{07C99ED8-E61D-43F0-AF86-B3A75F30781C},20260812_202700,2026-08-12T20:27:00Z,90,12,2026-08-13T08:27:00Z,1786562954000,-0.96,1786579162000,-8.46,30.0,127549.2,4555.5,4555.5,1956.6,1052.8,0.2311,0.5381,0.1928,0.0,0.0,False,
wa-alpowa,{09928C90-8DE6-43BB-A7C9-8A1DFF6D489F},20260812_180500,2026-08-12T18:05:00Z,10,12,2026-08-13T06:05:00Z,1786563038652,1.43,1786563038652,-10.57,30.0,1344.8,625.2,625.2,0.0,0.0,0.0,,0.0,0.0,0.0,False,
wa-alpowa,{09928C90-8DE6-43BB-A7C9-8A1DFF6D489F},20260812_180500,2026-08-12T18:05:00Z,30,12,2026-08-13T06:05:00Z,1786563038652,1.43,1786563038652,-10.57,30.0,1344.8,749.2,749.2,0.0,0.0,0.0,,0.0,0.0,0.0,False,
wa-alpowa,{09928C90-8DE6-43BB-A7C9-8A1DFF6D489F},20260812_180500,2026-08-12T18:05:00Z,50,12,2026-08-13T06:05:00Z,1786563038652,1.43,1786563038652,-10.57,30.0,1344.8,1079.7,1079.7,0.0,0.0,0.0,,0.0,0.0,0.0,False,
wa-alpowa,{09928C90-8DE6-43BB-A7C9-8A1DFF6D489F},20260812_180500,2026-08-12T18:05:00Z,70,12,2026-08-13T06:05:00Z,1786563038652,1.43,1786563038652,-10.57,30.0,1344.8,1142.7,1142.7,0.0,0.0,0.0,,0.0,0.0,0.0,False,
wa-alpowa,{09928C90-8DE6-43BB-A7C9-8A1DFF6D489F},20260812_180500,2026-08-12T18:05:00Z,90,12,2026-08-13T06:05:00Z,1786563038652,1.43,1786563038652,-10.57,30.0,1344.8,1424.7,1424.7,0.0,0.0,0.0,,0.0,0.0,0.0,False,
wa-little-giant,{091081ED-BD23-4610-AE4A-270F95D1711E},20260812_202900,2026-08-12T20:29:00Z,10,12,2026-08-13T08:29:00Z,1786540441000,-7.25,1786625211000,4.3,30.0,130341.4,740.4,740.4,347.4,0.0,0.0,0.0,0.0,0.0,0.0,False,
wa-little-giant,{091081ED-BD23-4610-AE4A-270F95D1711E},20260812_202900,2026-08-12T20:29:00Z,10,24,2026-08-13T20:29:00Z,1786540441000,-7.25,1786625211000,-7.7,30.0,130341.4,1061.0,1061.0,347.4,0.0,0.0,0.0,0.0,0.0,0.0,False,
wa-little-giant,{091081ED-BD23-4610-AE4A-270F95D1711E},20260812_202900,2026-08-12T20:29:00Z,30,12,2026-08-13T08:29:00Z,1786540441000,-7.25,1786625211000,4.3,30.0,130341.4,1085.7,1085.7,347.4,0.0,0.0,0.0,0.0,0.0,0.0,False,
wa-little-giant,{091081ED-BD23-4610-AE4A-270F95D1711E},20260812_202900,2026-08-12T20:29:00Z,30,24,2026-08-13T20:29:00Z,1786540441000,-7.25,1786625211000,-7.7,30.0,130341.4,1615.5,1615.5,347.4,0.0,0.0,0.0,0.0,0.0,0.0,False,
wa-little-giant,{091081ED-BD23-4610-AE4A-270F95D1711E},20260812_202900,2026-08-12T20:29:00Z,50,12,2026-08-13T08:29:00Z,1786540441000,-7.25,1786625211000,4.3,30.0,130341.4,1156.0,1156.0,347.4,0.0,0.0,0.0,0.0,0.0,0.0,False,
wa-little-giant,{091081ED-BD23-4610-AE4A-270F95D1711E},20260812_202900,2026-08-12T20:29:00Z,50,24,2026-08-13T20:29:00Z,1786540441000,-7.25,1786625211000,-7.7,30.0,130341.4,1696.2,1696.2,347.4,0.0,0.0,0.0,0.0,0.0,0.0,False,
wa-little-giant,{091081ED-BD23-4610-AE4A-270F95D1711E},20260812_202900,2026-08-12T20:29:00Z,70,12,2026-08-13T08:29:00Z,1786540441000,-7.25,1786625211000,4.3,30.0,130341.4,1321.7,1321.7,347.4,0.0,0.0,0.0,0.0,0.0,0.0,False,
wa-little-giant,{091081ED-BD23-4610-AE4A-270F95D1711E},20260812_202900,2026-08-12T20:29:00Z,70,24,2026-08-13T20:29:00Z,1786540441000,-7.25,1786625211000,-7.7,30.0,130341.4,1912.8,1912.8,347.4,0.0,0.0,0.0,0.0,0.0,0.0,False,
wa-little-giant,{091081ED-BD23-4610-AE4A-270F95D1711E},20260812_202900,2026-08-12T20:29:00Z,90,12,2026-08-13T08:29:00Z,1786540441000,-7.25,1786625211000,4.3,30.0,130341.4,1446.9,1446.9,347.4,0.0,0.0,0.0,0.0,0.0,0.0,False,
wa-little-giant,{091081ED-BD23-4610-AE4A-270F95D1711E},20260812_202900,2026-08-12T20:29:00Z,90,24,2026-08-13T20:29:00Z,1786540441000,-7.25,1786625211000,-7.7,30.0,130341.4,2279.8,2279.8,347.4,0.0,0.0,0.0,0.0,0.0,0.0,False,
wa-little-giant,{091081ED-BD23-4610-AE4A-270F95D1711E},20260813_084400,2026-08-13T08:44:00Z,10,12,2026-08-13T20:44:00Z,1786592519000,-5.03,1786625211000,-7.95,30.0,130280.9,423.0,423.0,345.6,0.0,0.0,0.0,0.0,0.0,0.0,False,
wa-little-giant,{091081ED-BD23-4610-AE4A-270F95D1711E},20260813_084400,2026-08-13T08:44:00Z,30,12,2026-08-13T20:44:00Z,1786592519000,-5.03,1786625211000,-7.95,30.0,130280.9,427.0,427.0,345.6,0.0,0.0,0.0,0.0,0.0,0.0,False,
wa-little-giant,{091081ED-BD23-4610-AE4A-270F95D1711E},20260813_084400,2026-08-13T08:44:00Z,50,12,2026-08-13T20:44:00Z,1786592519000,-5.03,1786625211000,-7.95,30.0,130280.9,682.8,682.8,345.6,0.0,0.0,0.0,0.0,0.0,0.0,False,
wa-little-giant,{091081ED-BD23-4610-AE4A-270F95D1711E},20260813_084400,2026-08-13T08:44:00Z,70,12,2026-08-13T20:44:00Z,1786592519000,-5.03,1786625211000,-7.95,30.0,130280.9,749.0,749.0,345.6,0.0,0.0,0.0,0.0,0.0,0.0,False,
wa-little-giant,{091081ED-BD23-4610-AE4A-270F95D1711E},20260813_084400,2026-08-13T08:44:00Z,90,12,2026-08-13T20:44:00Z,1786592519000,-5.03,1786625211000,-7.95,30.0,130280.9,1337.7,1337.7,345.6,0.0,0.0,0.0,0.0,0.0,0.0,False,
wa-sinlahekin,{78D35D3B-F791-4961-AE36-C6D1A4DFF5A0},20260812_111900,2026-08-12T11:19:00Z,10,12,2026-08-12T23:19:00Z,1786483732000,-13.84,1786568120000,-2.39,30.0,150273.3,546.9,546.9,3426.9,5.8,0.0106,0.0017,0.0015,0.0,0.0,False,
wa-sinlahekin,{78D35D3B-F791-4961-AE36-C6D1A4DFF5A0},20260812_111900,2026-08-12T11:19:00Z,30,12,2026-08-12T23:19:00Z,1786483732000,-13.84,1786568120000,-2.39,30.0,150273.3,771.7,771.7,3426.9,5.3,0.0069,0.0016,0.0013,0.0,0.0,False,
wa-sinlahekin,{78D35D3B-F791-4961-AE36-C6D1A4DFF5A0},20260812_111900,2026-08-12T11:19:00Z,50,12,2026-08-12T23:19:00Z,1786483732000,-13.84,1786568120000,-2.39,30.0,150273.3,1102.0,1102.0,3426.9,7.3,0.0067,0.0021,0.0016,0.0,0.0,False,
wa-sinlahekin,{78D35D3B-F791-4961-AE36-C6D1A4DFF5A0},20260812_111900,2026-08-12T11:19:00Z,70,12,2026-08-12T23:19:00Z,1786483732000,-13.84,1786568120000,-2.39,30.0,150273.3,1333.3,1333.3,3426.9,9.1,0.0068,0.0027,0.0019,0.0,0.0,False,
wa-sinlahekin,{78D35D3B-F791-4961-AE36-C6D1A4DFF5A0},20260812_111900,2026-08-12T11:19:00Z,90,12,2026-08-12T23:19:00Z,1786483732000,-13.84,1786568120000,-2.39,30.0,150273.3,1602.6,1602.6,3426.9,7.8,0.0049,0.0023,0.0016,0.0,0.0,False,
wa-three-queens,{DFA477F2-305C-49CA-B82E-2AF072AB55F8},20260812_221200,2026-08-12T22:12:00Z,10,12,2026-08-13T10:12:00Z,1786521679000,-14.18,1786605673000,-2.85,30.0,3351.3,630.9,630.9,221.7,23.8,0.0377,0.1073,0.0287,0.0,0.0,False,
wa-three-queens,{DFA477F2-305C-49CA-B82E-2AF072AB55F8},20260812_221200,2026-08-12T22:12:00Z,30,12,2026-08-13T10:12:00Z,1786521679000,-14.18,1786605673000,-2.85,30.0,3351.3,714.6,714.6,221.7,25.8,0.0361,0.1163,0.0283,0.0,0.0,False,
wa-three-queens,{DFA477F2-305C-49CA-B82E-2AF072AB55F8},20260812_221200,2026-08-12T22:12:00Z,50,12,2026-08-13T10:12:00Z,1786521679000,-14.18,1786605673000,-2.85,30.0,3351.3,721.7,721.7,221.7,22.2,0.0308,0.1003,0.0241,0.0,0.0,False,
wa-three-queens,{DFA477F2-305C-49CA-B82E-2AF072AB55F8},20260812_221200,2026-08-12T22:12:00Z,70,12,2026-08-13T10:12:00Z,1786521679000,-14.18,1786605673000,-2.85,30.0,3351.3,834.0,834.0,221.7,23.8,0.0285,0.1073,0.0231,0.0,0.0,False,
wa-three-queens,{DFA477F2-305C-49CA-B82E-2AF072AB55F8},20260812_221200,2026-08-12T22:12:00Z,90,12,2026-08-13T10:12:00Z,1786521679000,-14.18,1786605673000,-2.85,30.0,3351.3,1483.6,1483.6,221.7,25.1,0.0169,0.1133,0.015,0.0,0.0,False,
wa-three-queens,{DFA477F2-305C-49CA-B82E-2AF072AB55F8},20260813_044800,2026-08-13T04:48:00Z,10,12,2026-08-13T16:48:00Z,1786605673000,2.55,1786605673000,-9.45,30.0,3573.0,49.1,49.1,0.0,0.0,0.0,,0.0,0.0,0.0,False,
wa-three-queens,{DFA477F2-305C-49CA-B82E-2AF072AB55F8},20260813_044800,2026-08-13T04:48:00Z,30,12,2026-08-13T16:48:00Z,1786605673000,2.55,1786605673000,-9.45,30.0,3573.0,55.8,55.8,0.0,0.0,0.0,,0.0,0.0,0.0,False,
wa-three-queens,{DFA477F2-305C-49CA-B82E-2AF072AB55F8},20260813_044800,2026-08-13T04:48:00Z,50,12,2026-08-13T16:48:00Z,1786605673000,2.55,1786605673000,-9.45,30.0,3573.0,49.8,49.8,0.0,0.0,0.0,,0.0,0.0,0.0,False,
wa-three-queens,{DFA477F2-305C-49CA-B82E-2AF072AB55F8},20260813_044800,2026-08-13T04:48:00Z,70,12,2026-08-13T16:48:00Z,1786605673000,2.55,1786605673000,-9.45,30.0,3573.0,68.3,68.3,0.0,0.0,0.0,,0.0,0.0,0.0,False,
wa-three-queens,{DFA477F2-305C-49CA-B82E-2AF072AB55F8},20260813_044800,2026-08-13T04:48:00Z,90,12,2026-08-13T16:48:00Z,1786605673000,2.55,1786605673000,-9.45,30.0,3573.0,70.5,70.5,0.0,0.0,0.0,,0.0,0.0,0.0,False,
wy-weiser-knoll,{F544AE86-CD8F-4C07-8D41-EFA39315DE48},20260810_210600,2026-08-10T21:06:00Z,10,12,2026-08-11T09:06:00Z,1786396330000,0.1,1786480905000,11.6,30.0,13356.6,3033.7,3033.5,5145.1,977.6,0.3223,0.19,0.1358,0.0,0.0,False,
wy-weiser-knoll,{F544AE86-CD8F-4C07-8D41-EFA39315DE48},20260810_210600,2026-08-10T21:06:00Z,10,24,2026-08-11T21:06:00Z,1786396330000,0.1,1786480905000,-0.4,30.0,13356.6,5512.9,5512.7,5145.1,1652.4,0.2997,0.3212,0.1835,0.0,0.0,False,
wy-weiser-knoll,{F544AE86-CD8F-4C07-8D41-EFA39315DE48},20260810_210600,2026-08-10T21:06:00Z,30,12,2026-08-11T09:06:00Z,1786396330000,0.1,1786480905000,11.6,30.0,13356.6,4110.3,4110.1,5145.1,1223.4,0.2977,0.2378,0.1523,0.0,0.0,False,
wy-weiser-knoll,{F544AE86-CD8F-4C07-8D41-EFA39315DE48},20260810_210600,2026-08-10T21:06:00Z,30,24,2026-08-11T21:06:00Z,1786396330000,0.1,1786480905000,-0.4,30.0,13356.6,7924.2,7923.9,5145.1,2034.0,0.2567,0.3953,0.1843,0.0,0.0,False,
wy-weiser-knoll,{F544AE86-CD8F-4C07-8D41-EFA39315DE48},20260810_210600,2026-08-10T21:06:00Z,50,12,2026-08-11T09:06:00Z,1786396330000,0.1,1786480905000,11.6,30.0,13356.6,5164.2,5164.0,5145.1,1367.3,0.2648,0.2657,0.1529,0.0,0.0,False,
wy-weiser-knoll,{F544AE86-CD8F-4C07-8D41-EFA39315DE48},20260810_210600,2026-08-10T21:06:00Z,50,24,2026-08-11T21:06:00Z,1786396330000,0.1,1786480905000,-0.4,30.0,13356.6,9898.3,9898.1,5145.1,2262.2,0.2285,0.4397,0.177,0.0,0.0,False,
wy-weiser-knoll,{F544AE86-CD8F-4C07-8D41-EFA39315DE48},20260810_210600,2026-08-10T21:06:00Z,70,12,2026-08-11T09:06:00Z,1786396330000,0.1,1786480905000,11.6,30.0,13356.6,5009.2,5009.0,5145.1,1424.2,0.2843,0.2768,0.1631,0.0,0.0,False,
wy-weiser-knoll,{F544AE86-CD8F-4C07-8D41-EFA39315DE48},20260810_210600,2026-08-10T21:06:00Z,70,24,2026-08-11T21:06:00Z,1786396330000,0.1,1786480905000,-0.4,30.0,13356.6,8697.2,8697.0,5145.1,2070.9,0.2381,0.4025,0.1759,0.0,0.0,False,
wy-weiser-knoll,{F544AE86-CD8F-4C07-8D41-EFA39315DE48},20260810_210600,2026-08-10T21:06:00Z,90,12,2026-08-11T09:06:00Z,1786396330000,0.1,1786480905000,11.6,30.0,13356.6,6038.0,6037.8,5145.1,1728.2,0.2862,0.3359,0.1828,0.0,0.0,False,
wy-weiser-knoll,{F544AE86-CD8F-4C07-8D41-EFA39315DE48},20260810_210600,2026-08-10T21:06:00Z,90,24,2026-08-11T21:06:00Z,1786396330000,0.1,1786480905000,-0.4,30.0,13356.6,12962.1,12961.8,5145.1,3238.3,0.2498,0.6294,0.2178,0.0,0.0,False,
wy-weiser-knoll,{F544AE86-CD8F-4C07-8D41-EFA39315DE48},20260811_144100,2026-08-11T14:41:00Z,10,12,2026-08-12T02:41:00Z,1786396330000,-17.48,1786480905000,-5.99,30.0,13356.4,5041.0,5041.0,5144.0,1.3,0.0003,0.0003,0.0001,0.0,0.0,False,
wy-weiser-knoll,{F544AE86-CD8F-4C07-8D41-EFA39315DE48},20260811_144100,2026-08-11T14:41:00Z,30,12,2026-08-12T02:41:00Z,1786396330000,-17.48,1786480905000,-5.99,30.0,13356.4,9538.3,9538.3,5144.0,1.3,0.0001,0.0003,0.0001,0.0,0.0,False,
wy-weiser-knoll,{F544AE86-CD8F-4C07-8D41-EFA39315DE48},20260811_144100,2026-08-11T14:41:00Z,50,12,2026-08-12T02:41:00Z,1786396330000,-17.48,1786480905000,-5.99,30.0,13356.4,12006.7,12006.7,5144.0,1.3,0.0001,0.0003,0.0001,0.0,0.0,False,
wy-weiser-knoll,{F544AE86-CD8F-4C07-8D41-EFA39315DE48},20260811_144100,2026-08-11T14:41:00Z,70,12,2026-08-12T02:41:00Z,1786396330000,-17.48,1786480905000,-5.99,30.0,13356.4,12077.6,12077.6,5144.0,1.3,0.0001,0.0003,0.0001,0.0,0.0,False,
wy-weiser-knoll,{F544AE86-CD8F-4C07-8D41-EFA39315DE48},20260811_144100,2026-08-11T14:41:00Z,90,12,2026-08-12T02:41:00Z,1786396330000,-17.48,1786480905000,-5.99,30.0,13356.4,16092.3,16092.3,5144.0,1.3,0.0001,0.0003,0.0001,0.0,0.0,False,
